atom_index,atom_symbol,local_dipole_x,local_dipole_y,local_dipole_z,local_dipole_magnitude,compound_name,smiles,log_p,mol_wt,tpsa
0,C,-0.4180974051992551,0.32148659356702414,0.5765871449849218,0.7814165379869703,Naproxen (Racemate),COc1ccc2cc(C(C)C(=O)O)ccc2c1,3.036500000000001,230.263,46.53
1,O,0.10303957522652699,0.06745280603286954,0.08490047708686635,0.14958317456902884,Naproxen (Racemate),COc1ccc2cc(C(C)C(=O)O)ccc2c1,3.036500000000001,230.263,46.53
2,C,0.6512858855521115,0.09397953853073622,0.022280976984391177,0.658408611970733,Naproxen (Racemate),COc1ccc2cc(C(C)C(=O)O)ccc2c1,3.036500000000001,230.263,46.53
3,C,-0.188702544351388,0.028870775341308025,0.08038136654022127,0.20713120479630595,Naproxen (Racemate),COc1ccc2cc(C(C)C(=O)O)ccc2c1,3.036500000000001,230.263,46.53
4,C,0.045884252869395695,-0.040668284446286014,-0.0717273954665123,0.09436150317579794,Naproxen (Racemate),COc1ccc2cc(C(C)C(=O)O)ccc2c1,3.036500000000001,230.263,46.53
5,C,-0.023293288096421616,0.021109053100125882,0.03712599236107288,0.04864677483576145,Naproxen (Racemate),COc1ccc2cc(C(C)C(=O)O)ccc2c1,3.036500000000001,230.263,46.53
6,C,0.03379454273578615,-0.05134979476651805,-0.0863518297584697,0.10599769357830449,Naproxen (Racemate),COc1ccc2cc(C(C)C(=O)O)ccc2c1,3.036500000000001,230.263,46.53
7,C,0.19583438699605063,0.01146497106280775,-0.018914987413898375,0.19707950030497307,Naproxen (Racemate),COc1ccc2cc(C(C)C(=O)O)ccc2c1,3.036500000000001,230.263,46.53
8,C,0.16928346520610107,0.31602200438128375,-0.3640230376970208,0.5109203174855312,Naproxen (Racemate),COc1ccc2cc(C(C)C(=O)O)ccc2c1,3.036500000000001,230.263,46.53
9,C,-0.04142934158166038,0.08168002548286152,-0.0072216088534783444,0.09187038990449228,Naproxen (Racemate),COc1ccc2cc(C(C)C(=O)O)ccc2c1,3.036500000000001,230.263,46.53
10,C,-0.11606144979702727,-0.5706998640518315,0.30811866403073757,0.6588669866383149,Naproxen (Racemate),COc1ccc2cc(C(C)C(=O)O)ccc2c1,3.036500000000001,230.263,46.53
11,O,-0.09469803285865644,0.16146849065330185,0.3292353786062211,0.37872909239605074,Naproxen (Racemate),COc1ccc2cc(C(C)C(=O)O)ccc2c1,3.036500000000001,230.263,46.53
12,O,0.07092894049919185,-0.32270258569215204,-0.3028547094963066,0.4482062566239241,Naproxen (Racemate),COc1ccc2cc(C(C)C(=O)O)ccc2c1,3.036500000000001,230.263,46.53
13,C,0.08505200221103026,0.06137554590954768,0.0782139356696402,0.1308366173849458,Naproxen (Racemate),COc1ccc2cc(C(C)C(=O)O)ccc2c1,3.036500000000001,230.263,46.53
14,C,-0.10127691642384672,0.034238408127931094,0.07185210395366895,0.12880996558506821,Naproxen (Racemate),COc1ccc2cc(C(C)C(=O)O)ccc2c1,3.036500000000001,230.263,46.53
15,C,-0.03477440747590399,-0.026175314757082367,-0.03378481200290139,0.055098276198116504,Naproxen (Racemate),COc1ccc2cc(C(C)C(=O)O)ccc2c1,3.036500000000001,230.263,46.53
16,C,-0.13983861965044564,-0.05462444311476869,-0.058129176163851645,0.16098965945932273,Naproxen (Racemate),COc1ccc2cc(C(C)C(=O)O)ccc2c1,3.036500000000001,230.263,46.53
17,H,-0.02207003076957513,0.03251663637083683,-0.07522478384403453,0.08487158537122386,Naproxen (Racemate),COc1ccc2cc(C(C)C(=O)O)ccc2c1,3.036500000000001,230.263,46.53
18,H,-0.0077609547687365246,-0.0845150096499542,0.0004048251064002048,0.08487156861058359,Naproxen (Racemate),COc1ccc2cc(C(C)C(=O)O)ccc2c1,3.036500000000001,230.263,46.53
19,H,0.08175192263521028,0.018431150477277024,0.013053658981653985,0.08481439839601972,Naproxen (Racemate),COc1ccc2cc(C(C)C(=O)O)ccc2c1,3.036500000000001,230.263,46.53
20,H,-0.01063150849161787,-0.010741679906501253,-0.014628313952730872,0.0210333123668322,Naproxen (Racemate),COc1ccc2cc(C(C)C(=O)O)ccc2c1,3.036500000000001,230.263,46.53
21,H,0.025720510777264397,-0.024173383930266922,-0.04234757935530278,0.05512907257098678,Naproxen (Racemate),COc1ccc2cc(C(C)C(=O)O)ccc2c1,3.036500000000001,230.263,46.53
22,H,0.026461165087653258,-0.023548285529081288,-0.041829257849372595,0.05481242396924695,Naproxen (Racemate),COc1ccc2cc(C(C)C(=O)O)ccc2c1,3.036500000000001,230.263,46.53
23,H,-0.028782622214792095,-0.04810288876799317,-0.06609320321116026,0.08666394152181801,Naproxen (Racemate),COc1ccc2cc(C(C)C(=O)O)ccc2c1,3.036500000000001,230.263,46.53
24,H,0.05200577101498765,0.0058398271380834,-0.0008932949327098651,0.05234025005388138,Naproxen (Racemate),COc1ccc2cc(C(C)C(=O)O)ccc2c1,3.036500000000001,230.263,46.53
25,H,-0.012619852850283919,-0.03221649115551115,-0.0392709620015498,0.05233900500451949,Naproxen (Racemate),COc1ccc2cc(C(C)C(=O)O)ccc2c1,3.036500000000001,230.263,46.53
26,H,-0.012886636693773783,-0.02368088150032943,0.04485064701760389,0.052330011387421486,Naproxen (Racemate),COc1ccc2cc(C(C)C(=O)O)ccc2c1,3.036500000000001,230.263,46.53
27,H,0.12023363798617727,0.15290871257174696,-0.42918816312993524,0.47121086729254047,Naproxen (Racemate),COc1ccc2cc(C(C)C(=O)O)ccc2c1,3.036500000000001,230.263,46.53
28,H,0.030645762671169176,0.03242826882525263,0.043929984622783226,0.06261468627772919,Naproxen (Racemate),COc1ccc2cc(C(C)C(=O)O)ccc2c1,3.036500000000001,230.263,46.53
29,H,-0.027466350452333168,0.025847083552740888,0.044962008086329885,0.05868606569287078,Naproxen (Racemate),COc1ccc2cc(C(C)C(=O)O)ccc2c1,3.036500000000001,230.263,46.53
30,H,-0.006189290979760857,0.00575664251322507,0.010071477261834308,0.01314841853961399,Naproxen (Racemate),COc1ccc2cc(C(C)C(=O)O)ccc2c1,3.036500000000001,230.263,46.53
0,C,-0.2863193207806022,-0.06810137519596295,-0.033071909824510415,0.29615925103782803,Paracetamol,CC(=O)Nc1ccc(O)cc1,1.3505999999999998,151.165,49.33
1,C,0.385883240151788,-0.03263685910640168,-0.003994129723355833,0.38728154187182817,Paracetamol,CC(=O)Nc1ccc(O)cc1,1.3505999999999998,151.165,49.33
2,O,0.075402310850788,0.2473968571774525,0.07948057289692458,0.27056953799521305,Paracetamol,CC(=O)Nc1ccc(O)cc1,1.3505999999999998,151.165,49.33
3,N,0.20146767849889635,-0.08844213910760443,-0.02105296116091901,0.2210304608494193,Paracetamol,CC(=O)Nc1ccc(O)cc1,1.3505999999999998,151.165,49.33
4,C,-0.4104498309014219,0.0066594616445265,-0.011283026039712358,0.41065888373808934,Paracetamol,CC(=O)Nc1ccc(O)cc1,1.3505999999999998,151.165,49.33
5,C,0.08594961753428627,-0.01910029545293839,-0.0036535569933022136,0.08812211141015028,Paracetamol,CC(=O)Nc1ccc(O)cc1,1.3505999999999998,151.165,49.33
6,C,-0.15665173434542204,0.08493401732745232,0.023685595339404,0.1797625116630012,Paracetamol,CC(=O)Nc1ccc(O)cc1,1.3505999999999998,151.165,49.33
7,C,0.6629403429352084,-0.07473835289314712,-0.0030919957106452997,0.6671471202978447,Paracetamol,CC(=O)Nc1ccc(O)cc1,1.3505999999999998,151.165,49.33
8,O,0.03757162245938851,-0.2613470149413975,-0.0875390272165164,0.27816716254623564,Paracetamol,CC(=O)Nc1ccc(O)cc1,1.3505999999999998,151.165,49.33
9,C,-0.16942814607870638,-0.05903653171189809,-0.02587289403428542,0.18127497181339397,Paracetamol,CC(=O)Nc1ccc(O)cc1,1.3505999999999998,151.165,49.33
10,C,0.08859642787631199,0.004510991515997917,0.0045537056099944975,0.08882799283830775,Paracetamol,CC(=O)Nc1ccc(O)cc1,1.3505999999999998,151.165,49.33
11,H,-0.002992899290354901,-0.015651235510313107,0.004693245825343019,0.01661159762149904,Paracetamol,CC(=O)Nc1ccc(O)cc1,1.3505999999999998,151.165,49.33
12,H,-0.009156704267667818,0.010061904707236906,0.009532628008333602,0.01661198832555298,Paracetamol,CC(=O)Nc1ccc(O)cc1,1.3505999999999998,151.165,49.33
13,H,-0.004342952017547463,0.001999349445557401,-0.015897121899783657,0.016600515507921777,Paracetamol,CC(=O)Nc1ccc(O)cc1,1.3505999999999998,151.165,49.33
14,H,0.1476678931316938,0.27805672361159145,0.09979132462144799,0.3302720949115585,Paracetamol,CC(=O)Nc1ccc(O)cc1,1.3505999999999998,151.165,49.33
15,H,0.01509211110839186,-0.03298833015062091,-0.010784129209293686,0.037845728776668454,Paracetamol,CC(=O)Nc1ccc(O)cc1,1.3505999999999998,151.165,49.33
16,H,-0.010788702623193784,-0.015502285178081832,-0.005659906041454751,0.019716781847765624,Paracetamol,CC(=O)Nc1ccc(O)cc1,1.3505999999999998,151.165,49.33
17,H,-0.20530526987883568,-0.4227571001161664,-0.15055444032704296,0.49349818544837737,Paracetamol,CC(=O)Nc1ccc(O)cc1,1.3505999999999998,151.165,49.33
18,H,-0.008650628300659869,0.016869366921912574,0.005462624056343606,0.019729398671100937,Paracetamol,CC(=O)Nc1ccc(O)cc1,1.3505999999999998,151.165,49.33
19,H,0.02044729040949059,0.02996084896739356,0.010913092706192751,0.03787927861444791,Paracetamol,CC(=O)Nc1ccc(O)cc1,1.3505999999999998,151.165,49.33
0,C,0.23337480731475363,0.3398545234620105,0.09319880576991486,0.422671166752272,Aspirin,CC(=O)OC1=CC=CC=C1C(=O)O,1.3101,180.159,63.60000000000001
1,C,-0.3643178219417875,-0.3185108943493327,0.18354892980836474,0.517558571407542,Aspirin,CC(=O)OC1=CC=CC=C1C(=O)O,1.3101,180.159,63.60000000000001
2,O,0.025541942778569842,-0.19541300862553182,-0.32086786753162644,0.3765565338634815,Aspirin,CC(=O)OC1=CC=CC=C1C(=O)O,1.3101,180.159,63.60000000000001
3,O,-0.13080981075747292,0.06902525075478826,0.36806765259576474,0.3966730249456394,Aspirin,CC(=O)OC1=CC=CC=C1C(=O)O,1.3101,180.159,63.60000000000001
4,C,0.5023755532981832,0.40927354838474916,0.19020242626444378,0.6753243642250593,Aspirin,CC(=O)OC1=CC=CC=C1C(=O)O,1.3101,180.159,63.60000000000001
5,C,-0.0599842900571527,-0.23667380465441426,0.02786327325681045,0.24574166691841284,Aspirin,CC(=O)OC1=CC=CC=C1C(=O)O,1.3101,180.159,63.60000000000001
6,C,-0.07456201339200398,0.09059030061453671,-0.06406584093914175,0.13368069562109902,Aspirin,CC(=O)OC1=CC=CC=C1C(=O)O,1.3101,180.159,63.60000000000001
7,C,0.09502804203453638,0.0988609607351566,0.028736662453887937,0.14010572472024288,Aspirin,CC(=O)OC1=CC=CC=C1C(=O)O,1.3101,180.159,63.60000000000001
8,C,-0.0042068865296563535,-0.19640206329647056,0.045638001281836565,0.20167869377399575,Aspirin,CC(=O)OC1=CC=CC=C1C(=O)O,1.3101,180.159,63.60000000000001
9,C,-0.08002396155889331,-0.4770904766029975,0.06373140134555118,0.48793529161797905,Aspirin,CC(=O)OC1=CC=CC=C1C(=O)O,1.3101,180.159,63.60000000000001
10,C,-0.4398311588401891,0.38225156197345467,-0.34975442268138435,0.679629208541715,Aspirin,CC(=O)OC1=CC=CC=C1C(=O)O,1.3101,180.159,63.60000000000001
11,O,0.20145319217420146,0.35560768559608125,0.056803208744925,0.41263400152665153,Aspirin,CC(=O)OC1=CC=CC=C1C(=O)O,1.3101,180.159,63.60000000000001
12,O,-0.35191087560174045,-0.2855031779572372,-0.15708759187794186,0.4796142622071161,Aspirin,CC(=O)OC1=CC=CC=C1C(=O)O,1.3101,180.159,63.60000000000001
13,H,0.02245809381559366,-0.0075285120443671855,0.029171313152504413,0.03757672128424279,Aspirin,CC(=O)OC1=CC=CC=C1C(=O)O,1.3101,180.159,63.60000000000001
14,H,0.021298157034997506,0.008860294160208733,-0.02970854126558544,0.03761268043920608,Aspirin,CC(=O)OC1=CC=CC=C1C(=O)O,1.3101,180.159,63.60000000000001
15,H,-0.02237466649110781,0.029206749239730788,0.007679601852797652,0.03758505269862357,Aspirin,CC(=O)OC1=CC=CC=C1C(=O)O,1.3101,180.159,63.60000000000001
16,H,-0.01697667843849625,0.0022441916940658235,-0.010037289189103205,0.019849211103454608,Aspirin,CC(=O)OC1=CC=CC=C1C(=O)O,1.3101,180.159,63.60000000000001
17,H,-0.01597349809270918,0.057099911942834924,-0.023056835951844334,0.06361737395796488,Aspirin,CC(=O)OC1=CC=CC=C1C(=O)O,1.3101,180.159,63.60000000000001
18,H,0.040147390289510115,0.05214957934920519,0.009506309073305965,0.06649632685761311,Aspirin,CC(=O)OC1=CC=CC=C1C(=O)O,1.3101,180.159,63.60000000000001
19,H,0.041217073838263917,-0.004322440596570566,0.02365289908682535,0.04771781956157809,Aspirin,CC(=O)OC1=CC=CC=C1C(=O)O,1.3101,180.159,63.60000000000001
20,H,0.05812569623688498,-0.4445251468101233,0.13454291825941514,0.46806302947716766,Aspirin,CC(=O)OC1=CC=CC=C1C(=O)O,1.3101,180.159,63.60000000000001
0,C,-0.10231089656992634,-0.04063084882907586,0.00807829141360416,0.11037954622880315,Bupivacaine,CCCCN1CCCCC1C(=O)Nc1c(C)cccc1C,3.8965400000000026,288.43500000000006,32.34
1,C,0.06892069831493905,0.06830756175123949,-0.08490350089651531,0.1289363800992676,Bupivacaine,CCCCN1CCCCC1C(=O)Nc1c(C)cccc1C,3.8965400000000026,288.43500000000006,32.34
2,C,0.03153381972250914,-0.037976652521678485,0.09691728736124097,0.10876381986904181,Bupivacaine,CCCCN1CCCCC1C(=O)Nc1c(C)cccc1C,3.8965400000000026,288.43500000000006,32.34
3,C,0.06016386871071723,-0.439925435788687,0.0660980707787591,0.4489131710172697,Bupivacaine,CCCCN1CCCCC1C(=O)Nc1c(C)cccc1C,3.8965400000000026,288.43500000000006,32.34
4,N,0.12071329842648437,0.03153665516746329,-0.04942464632213924,0.13419782673434588,Bupivacaine,CCCCN1CCCCC1C(=O)Nc1c(C)cccc1C,3.8965400000000026,288.43500000000006,32.34
5,C,-0.13086653098016368,0.15240054481850668,0.4045898987406953,0.45171336171820936,Bupivacaine,CCCCN1CCCCC1C(=O)Nc1c(C)cccc1C,3.8965400000000026,288.43500000000006,32.34
6,C,-0.0965488676667542,0.0051407445303477805,0.02999060050547704,0.10123016951846833,Bupivacaine,CCCCN1CCCCC1C(=O)Nc1c(C)cccc1C,3.8965400000000026,288.43500000000006,32.34
7,C,0.06466939540553601,0.06510351549205855,0.02786317237635847,0.09590075498356065,Bupivacaine,CCCCN1CCCCC1C(=O)Nc1c(C)cccc1C,3.8965400000000026,288.43500000000006,32.34
8,C,0.017687295113132467,-0.1621055230311334,-0.06818076908937015,0.17674744207267717,Bupivacaine,CCCCN1CCCCC1C(=O)Nc1c(C)cccc1C,3.8965400000000026,288.43500000000006,32.34
9,C,0.6815541782608933,-0.08929916928682738,0.0053098356278828696,0.6873999082736294,Bupivacaine,CCCCN1CCCCC1C(=O)Nc1c(C)cccc1C,3.8965400000000026,288.43500000000006,32.34
10,C,-0.4591889805280129,0.15272941198124812,-0.1589531452120609,0.5093592990172066,Bupivacaine,CCCCN1CCCCC1C(=O)Nc1c(C)cccc1C,3.8965400000000026,288.43500000000006,32.34
11,O,0.009379272156682302,0.015557692857475006,-0.295486327583696,0.2960442236256873,Bupivacaine,CCCCN1CCCCC1C(=O)Nc1c(C)cccc1C,3.8965400000000026,288.43500000000006,32.34
12,N,-0.20814133361221193,0.12672525373302043,0.059456851249830495,0.2508330557404924,Bupivacaine,CCCCN1CCCCC1C(=O)Nc1c(C)cccc1C,3.8965400000000026,288.43500000000006,32.34
13,C,0.3689307805125855,-0.1428141307922788,0.14329867867531093,0.42076158103333255,Bupivacaine,CCCCN1CCCCC1C(=O)Nc1c(C)cccc1C,3.8965400000000026,288.43500000000006,32.34
14,C,-0.1250927627744803,-0.039938916943973626,0.04312968369207998,0.1382153609429462,Bupivacaine,CCCCN1CCCCC1C(=O)Nc1c(C)cccc1C,3.8965400000000026,288.43500000000006,32.34
15,C,-0.0019644123514529696,0.05139756983395531,-0.05281530938033599,0.07372262885751878,Bupivacaine,CCCCN1CCCCC1C(=O)Nc1c(C)cccc1C,3.8965400000000026,288.43500000000006,32.34
16,C,0.08414716291890711,0.07250212856751025,-0.07744224951362239,0.1354053384614175,Bupivacaine,CCCCN1CCCCC1C(=O)Nc1c(C)cccc1C,3.8965400000000026,288.43500000000006,32.34
17,C,0.13328720685521359,-0.042079777371402755,0.04749864440663414,0.14762218124441595,Bupivacaine,CCCCN1CCCCC1C(=O)Nc1c(C)cccc1C,3.8965400000000026,288.43500000000006,32.34
18,C,-0.029027082309028465,-0.09209517938749023,0.09460304133610986,0.13518072719079013,Bupivacaine,CCCCN1CCCCC1C(=O)Nc1c(C)cccc1C,3.8965400000000026,288.43500000000006,32.34
19,C,-0.03525340805241456,0.09761317443706458,-0.09282835969858641,0.13924165672427552,Bupivacaine,CCCCN1CCCCC1C(=O)Nc1c(C)cccc1C,3.8965400000000026,288.43500000000006,32.34
20,C,-0.05604193156108901,-0.038719136603465744,0.028833361313968534,0.07396777918173211,Bupivacaine,CCCCN1CCCCC1C(=O)Nc1c(C)cccc1C,3.8965400000000026,288.43500000000006,32.34
21,H,0.0012066323260414564,-0.07123755003913236,0.006237997238373003,0.07152032652815621,Bupivacaine,CCCCN1CCCCC1C(=O)Nc1c(C)cccc1C,3.8965400000000026,288.43500000000006,32.34
22,H,-0.03375383040211669,0.02699523427081464,0.05698502849148091,0.07152172545685621,Bupivacaine,CCCCN1CCCCC1C(=O)Nc1c(C)cccc1C,3.8965400000000026,288.43500000000006,32.34
23,H,-0.03806434313930019,0.01651881385895925,-0.05823919201120011,0.07150922259436729,Bupivacaine,CCCCN1CCCCC1C(=O)Nc1c(C)cccc1C,3.8965400000000026,288.43500000000006,32.34
24,H,-0.0034810703676077764,0.05967779013643909,-0.007218349108458311,0.06021346236785163,Bupivacaine,CCCCN1CCCCC1C(=O)Nc1c(C)cccc1C,3.8965400000000026,288.43500000000006,32.34
25,H,0.026258540753096016,-0.02251554328212614,-0.049316020302281306,0.060237285050260374,Bupivacaine,CCCCN1CCCCC1C(=O)Nc1c(C)cccc1C,3.8965400000000026,288.43500000000006,32.34
26,H,-0.019241589281077474,0.016837991820395422,0.03648407869774745,0.044551596211907026,Bupivacaine,CCCCN1CCCCC1C(=O)Nc1c(C)cccc1C,3.8965400000000026,288.43500000000006,32.34
27,H,0.0004313798233232609,-0.04426849346795576,0.005582144322502531,0.04462113779042014,Bupivacaine,CCCCN1CCCCC1C(=O)Nc1c(C)cccc1C,3.8965400000000026,288.43500000000006,32.34
28,H,0.0004900934684228792,-0.0005965945117876203,-0.0009116659422503703,0.0011946762781377776,Bupivacaine,CCCCN1CCCCC1C(=O)Nc1c(C)cccc1C,3.8965400000000026,288.43500000000006,32.34
29,H,0.0005877845767057056,-0.0003381043120455016,0.000981923793748229,0.0011933061514824192,Bupivacaine,CCCCN1CCCCC1C(=O)Nc1c(C)cccc1C,3.8965400000000026,288.43500000000006,32.34
30,H,0.0006591759166315588,-0.00027023061502434953,0.0009398324480741881,0.0011793313804086684,Bupivacaine,CCCCN1CCCCC1C(=O)Nc1c(C)cccc1C,3.8965400000000026,288.43500000000006,32.34
31,H,-0.0011182782456376544,-0.00022328764446317675,0.00030130115094960554,0.0011794854769771018,Bupivacaine,CCCCN1CCCCC1C(=O)Nc1c(C)cccc1C,3.8965400000000026,288.43500000000006,32.34
32,H,-0.009305274226147362,0.022519935504032616,0.036863457218825245,0.04418880063606332,Bupivacaine,CCCCN1CCCCC1C(=O)Nc1c(C)cccc1C,3.8965400000000026,288.43500000000006,32.34
33,H,-0.03056251679621604,0.011289216485376119,-0.029948492725586764,0.04425410781280308,Bupivacaine,CCCCN1CCCCC1C(=O)Nc1c(C)cccc1C,3.8965400000000026,288.43500000000006,32.34
34,H,0.00024164982034734824,0.05314799526569016,-0.013664075432731083,0.05487690545966366,Bupivacaine,CCCCN1CCCCC1C(=O)Nc1c(C)cccc1C,3.8965400000000026,288.43500000000006,32.34
35,H,0.037132342217821086,-0.006405888320619105,0.03994348200801199,0.054912002319001264,Bupivacaine,CCCCN1CCCCC1C(=O)Nc1c(C)cccc1C,3.8965400000000026,288.43500000000006,32.34
36,H,-0.018618503386342654,0.0075338989970154735,-0.023873718997943563,0.031198762174760315,Bupivacaine,CCCCN1CCCCC1C(=O)Nc1c(C)cccc1C,3.8965400000000026,288.43500000000006,32.34
37,H,0.029041521910513332,0.007160774487343642,-0.008699833178679077,0.031150823158855093,Bupivacaine,CCCCN1CCCCC1C(=O)Nc1c(C)cccc1C,3.8965400000000026,288.43500000000006,32.34
38,H,-0.0077632228969063835,0.04549882511547088,0.0868733706014802,0.09837374261609334,Bupivacaine,CCCCN1CCCCC1C(=O)Nc1c(C)cccc1C,3.8965400000000026,288.43500000000006,32.34
39,H,0.007202307435806956,0.15529001743775922,-0.28833909992225665,0.327576402221217,Bupivacaine,CCCCN1CCCCC1C(=O)Nc1c(C)cccc1C,3.8965400000000026,288.43500000000006,32.34
40,H,-0.020813170688000874,0.03316439562618144,0.013078681575061996,0.041280953514661066,Bupivacaine,CCCCN1CCCCC1C(=O)Nc1c(C)cccc1C,3.8965400000000026,288.43500000000006,32.34
41,H,-0.0179133041132797,-0.015206555603412837,-0.03393078544438278,0.041272557449802745,Bupivacaine,CCCCN1CCCCC1C(=O)Nc1c(C)cccc1C,3.8965400000000026,288.43500000000006,32.34
42,H,0.037824217696542185,0.012716780493677457,-0.010636289206146404,0.041297924869859705,Bupivacaine,CCCCN1CCCCC1C(=O)Nc1c(C)cccc1C,3.8965400000000026,288.43500000000006,32.34
43,H,0.0519354672526347,0.023679378292158382,-0.024884349285751554,0.06226745983600035,Bupivacaine,CCCCN1CCCCC1C(=O)Nc1c(C)cccc1C,3.8965400000000026,288.43500000000006,32.34
44,H,0.0603994220134213,-0.01947187668503515,0.021258829602355183,0.06692669121699167,Bupivacaine,CCCCN1CCCCC1C(=O)Nc1c(C)cccc1C,3.8965400000000026,288.43500000000006,32.34
45,H,0.006123703611316822,-0.04347280520091087,0.044212906309300325,0.062307027069750054,Bupivacaine,CCCCN1CCCCC1C(=O)Nc1c(C)cccc1C,3.8965400000000026,288.43500000000006,32.34
46,H,-0.031794175489520765,-0.002266491018461357,-0.026159448879303087,0.04123497717065065,Bupivacaine,CCCCN1CCCCC1C(=O)Nc1c(C)cccc1C,3.8965400000000026,288.43500000000006,32.34
47,H,0.010819804200115612,-0.039139213072380996,0.00776890547522658,0.04134370635462046,Bupivacaine,CCCCN1CCCCC1C(=O)Nc1c(C)cccc1C,3.8965400000000026,288.43500000000006,32.34
48,H,-0.011924823242299048,0.017074405414136143,0.035579887637094146,0.04122699520792902,Bupivacaine,CCCCN1CCCCC1C(=O)Nc1c(C)cccc1C,3.8965400000000026,288.43500000000006,32.34
0,N,-0.3101692085056917,-0.10345344434683806,0.04191263177778814,0.3296425666609396,Carbamazepine,NC(=O)N1c2ccccc2C=Cc2ccccc21,3.3872000000000018,236.274,46.330000000000005
1,C,-0.18553644381196238,-0.007488482134283159,-0.05521220661822216,0.19372206148685855,Carbamazepine,NC(=O)N1c2ccccc2C=Cc2ccccc21,3.3872000000000018,236.274,46.330000000000005
2,O,0.3019342358471944,-0.2584266576240691,-0.007736542730498935,0.3975027977773211,Carbamazepine,NC(=O)N1c2ccccc2C=Cc2ccccc21,3.3872000000000018,236.274,46.330000000000005
3,N,0.01586410009623121,0.3647014513333172,0.032331438007939244,0.36647529270082096,Carbamazepine,NC(=O)N1c2ccccc2C=Cc2ccccc21,3.3872000000000018,236.274,46.330000000000005
4,C,-0.29706010928070586,-0.18844153146474235,-0.033562750270279794,0.3533855932439063,Carbamazepine,NC(=O)N1c2ccccc2C=Cc2ccccc21,3.3872000000000018,236.274,46.330000000000005
5,C,0.14449831109522968,0.05933214381558164,0.03285732409249367,0.1596235225323818,Carbamazepine,NC(=O)N1c2ccccc2C=Cc2ccccc21,3.3872000000000018,236.274,46.330000000000005
6,C,-0.07183909063907667,0.08752611339544539,-0.08175737040336037,0.139663678475236,Carbamazepine,NC(=O)N1c2ccccc2C=Cc2ccccc21,3.3872000000000018,236.274,46.330000000000005
7,C,-0.12832984800353403,-0.06802052049318918,-0.02247348549016049,0.14697074078486155,Carbamazepine,NC(=O)N1c2ccccc2C=Cc2ccccc21,3.3872000000000018,236.274,46.330000000000005
8,C,0.03856312946337098,-0.10189238170074497,0.0759537831441391,0.13280869541022503,Carbamazepine,NC(=O)N1c2ccccc2C=Cc2ccccc21,3.3872000000000018,236.274,46.330000000000005
9,C,0.04095776478703307,0.14058586584695393,-0.06693338545093563,0.16100311257926406,Carbamazepine,NC(=O)N1c2ccccc2C=Cc2ccccc21,3.3872000000000018,236.274,46.330000000000005
10,C,-0.10058746145582939,-0.02998959365691994,0.05595273312523416,0.11894503551648893,Carbamazepine,NC(=O)N1c2ccccc2C=Cc2ccccc21,3.3872000000000018,236.274,46.330000000000005
11,C,0.10232551940701666,-0.041812066982679,0.04401394507366885,0.11897894027191416,Carbamazepine,NC(=O)N1c2ccccc2C=Cc2ccccc21,3.3872000000000018,236.274,46.330000000000005
12,C,-0.03329034481313035,0.14392353956189224,-0.06275002731973792,0.16049859259952573,Carbamazepine,NC(=O)N1c2ccccc2C=Cc2ccccc21,3.3872000000000018,236.274,46.330000000000005
13,C,-0.03827787959153253,-0.09637537291306669,0.08308297090505011,0.13287659171037589,Carbamazepine,NC(=O)N1c2ccccc2C=Cc2ccccc21,3.3872000000000018,236.274,46.330000000000005
14,C,0.11588179494009279,-0.08189112806135451,-0.03808128227427647,0.14691811090996237,Carbamazepine,NC(=O)N1c2ccccc2C=Cc2ccccc21,3.3872000000000018,236.274,46.330000000000005
15,C,0.06766729248049241,0.07737374338809397,-0.09469238444394634,0.1397576699476893,Carbamazepine,NC(=O)N1c2ccccc2C=Cc2ccccc21,3.3872000000000018,236.274,46.330000000000005
16,C,-0.1316246561619673,0.07497983577987051,0.05141112264877125,0.15996915144908241,Carbamazepine,NC(=O)N1c2ccccc2C=Cc2ccccc21,3.3872000000000018,236.274,46.330000000000005
17,C,0.26513733176522286,-0.2239181972473897,-0.06917331585831861,0.35386736410827363,Carbamazepine,NC(=O)N1c2ccccc2C=Cc2ccccc21,3.3872000000000018,236.274,46.330000000000005
18,H,0.21005385880860564,-0.21649255105809134,0.18656832863410852,0.35468209640937703,Carbamazepine,NC(=O)N1c2ccccc2C=Cc2ccccc21,3.3872000000000018,236.274,46.330000000000005
19,H,-0.009839300093490558,0.3352767173478811,0.11627805814146983,0.3550040504375292,Carbamazepine,NC(=O)N1c2ccccc2C=Cc2ccccc21,3.3872000000000018,236.274,46.330000000000005
20,H,0.008065671769718213,0.035955590302563734,-0.016845514649453983,0.04051704454803698,Carbamazepine,NC(=O)N1c2ccccc2C=Cc2ccccc21,3.3872000000000018,236.274,46.330000000000005
21,H,-0.043210977696593225,0.03157449074452817,-0.03752022744462571,0.06535980819102988,Carbamazepine,NC(=O)N1c2ccccc2C=Cc2ccccc21,3.3872000000000018,236.274,46.330000000000005
22,H,-0.05956311782796999,-0.02781719547095549,-0.012127853596043634,0.06684793341686078,Carbamazepine,NC(=O)N1c2ccccc2C=Cc2ccccc21,3.3872000000000018,236.274,46.330000000000005
23,H,-0.014253388199413053,-0.050979982931576184,0.022541607391258614,0.05753470082175288,Carbamazepine,NC(=O)N1c2ccccc2C=Cc2ccccc21,3.3872000000000018,236.274,46.330000000000005
24,H,-0.026637498209272754,-0.027378511412942494,0.04198999663082301,0.05676529763063133,Carbamazepine,NC(=O)N1c2ccccc2C=Cc2ccccc21,3.3872000000000018,236.274,46.330000000000005
25,H,0.028024237403898165,-0.030653072311417336,0.038672863427968024,0.05674996995521048,Carbamazepine,NC(=O)N1c2ccccc2C=Cc2ccccc21,3.3872000000000018,236.274,46.330000000000005
26,H,0.011568669994623944,-0.05214770798766733,0.02141775640438901,0.05754943842653273,Carbamazepine,NC(=O)N1c2ccccc2C=Cc2ccccc21,3.3872000000000018,236.274,46.330000000000005
27,H,0.05373663375651042,-0.03453195653576494,-0.019782876260030176,0.06686885689757946,Carbamazepine,NC(=O)N1c2ccccc2C=Cc2ccccc21,3.3872000000000018,236.274,46.330000000000005
28,H,0.04010903721027704,0.02566399658577103,-0.044784549771016355,0.06536842880842783,Carbamazepine,NC(=O)N1c2ccccc2C=Cc2ccccc21,3.3872000000000018,236.274,46.330000000000005
29,H,-0.007109270378512098,0.03617949264600557,-0.01685709324134059,0.04054206464876217,Carbamazepine,NC(=O)N1c2ccccc2C=Cc2ccccc21,3.3872000000000018,236.274,46.330000000000005
0,O,-0.21051478157742282,-0.04342548132696742,0.3077277352548517,0.3753646290424138,Diclofenac,O=C(O)Cc1ccccc1Nc1c(Cl)cccc1Cl,4.364100000000001,296.153,49.33
1,C,0.05900727269502902,-0.6493408022380854,0.013038594602496324,0.6521467171053721,Diclofenac,O=C(O)Cc1ccccc1Nc1c(Cl)cccc1Cl,4.364100000000001,296.153,49.33
2,O,0.25181949721936764,-0.11041815046645934,-0.35109907240448857,0.4459549145099099,Diclofenac,O=C(O)Cc1ccccc1Nc1c(Cl)cccc1Cl,4.364100000000001,296.153,49.33
3,C,0.07901718687585679,0.409814077956639,-0.1611676633807773,0.44739949713074534,Diclofenac,O=C(O)Cc1ccccc1Nc1c(Cl)cccc1Cl,4.364100000000001,296.153,49.33
4,C,0.10479382715296134,0.11649189270954126,0.06018463880704823,0.1678520122749527,Diclofenac,O=C(O)Cc1ccccc1Nc1c(Cl)cccc1Cl,4.364100000000001,296.153,49.33
5,C,-0.08508121453317675,0.08190248424787464,0.061440155620438384,0.13312296088608264,Diclofenac,O=C(O)Cc1ccccc1Nc1c(Cl)cccc1Cl,4.364100000000001,296.153,49.33
6,C,-0.12322033449463834,-0.07797840868174806,-0.030680711977677508,0.14901405685694719,Diclofenac,O=C(O)Cc1ccccc1Nc1c(Cl)cccc1Cl,4.364100000000001,296.153,49.33
7,C,0.04072494857044797,-0.11195398339364959,-0.07420744215431174,0.14035298466672066,Diclofenac,O=C(O)Cc1ccccc1Nc1c(Cl)cccc1Cl,4.364100000000001,296.153,49.33
8,C,0.12574801380872674,0.07374305636870647,0.026821851477365714,0.14822284930506435,Diclofenac,O=C(O)Cc1ccccc1Nc1c(Cl)cccc1Cl,4.364100000000001,296.153,49.33
9,C,-0.38663600365167394,-0.2512640211988241,-0.06813597754338238,0.4661153495697526,Diclofenac,O=C(O)Cc1ccccc1Nc1c(Cl)cccc1Cl,4.364100000000001,296.153,49.33
10,N,0.0383830462281283,0.07228109214133478,-0.11105521919124842,0.13795316679406455,Diclofenac,O=C(O)Cc1ccccc1Nc1c(Cl)cccc1Cl,4.364100000000001,296.153,49.33
11,C,0.5725820603860066,-0.17615413257078633,-0.008013206704481704,0.5991199427321205,Diclofenac,O=C(O)Cc1ccccc1Nc1c(Cl)cccc1Cl,4.364100000000001,296.153,49.33
12,C,-0.011591394703966328,0.15472912576180792,-0.16218506423507517,0.2244536875418445,Diclofenac,O=C(O)Cc1ccccc1Nc1c(Cl)cccc1Cl,4.364100000000001,296.153,49.33
13,Cl,0.06485985943854101,0.04885900284981651,-0.07946681849958316,0.1136176868639358,Diclofenac,O=C(O)Cc1ccccc1Nc1c(Cl)cccc1Cl,4.364100000000001,296.153,49.33
14,C,-0.11637195851121912,-0.05770429194585177,0.10046275648273556,0.16421018079527963,Diclofenac,O=C(O)Cc1ccccc1Nc1c(Cl)cccc1Cl,4.364100000000001,296.153,49.33
15,C,0.11990193131518753,-0.037118444257012856,-0.005159122216620852,0.12562192714338907,Diclofenac,O=C(O)Cc1ccccc1Nc1c(Cl)cccc1Cl,4.364100000000001,296.153,49.33
16,C,-0.07081564422950165,0.11609534777938904,-0.09115777849068146,0.16371538053284057,Diclofenac,O=C(O)Cc1ccccc1Nc1c(Cl)cccc1Cl,4.364100000000001,296.153,49.33
17,C,-0.08329244814261669,-0.1309877048619934,0.15953361356923673,0.22259017184292243,Diclofenac,O=C(O)Cc1ccccc1Nc1c(Cl)cccc1Cl,4.364100000000001,296.153,49.33
18,Cl,0.033210968730097504,-0.08222280523202274,0.07090793761425566,0.11354071411137871,Diclofenac,O=C(O)Cc1ccccc1Nc1c(Cl)cccc1Cl,4.364100000000001,296.153,49.33
19,H,0.144215786624097,0.3614086922434197,-0.26635590195127934,0.4715505301078406,Diclofenac,O=C(O)Cc1ccccc1Nc1c(Cl)cccc1Cl,4.364100000000001,296.153,49.33
20,H,-0.045871676414735676,0.004270815125232866,-0.0647426037382073,0.07946103005709572,Diclofenac,O=C(O)Cc1ccccc1Nc1c(Cl)cccc1Cl,4.364100000000001,296.153,49.33
21,H,0.07537742456879354,-0.004707083062698738,-0.02488878661633949,0.07951958541653109,Diclofenac,O=C(O)Cc1ccccc1Nc1c(Cl)cccc1Cl,4.364100000000001,296.153,49.33
22,H,-0.055882143492427254,0.017432745267930764,0.01832522782597678,0.06133945340283646,Diclofenac,O=C(O)Cc1ccccc1Nc1c(Cl)cccc1Cl,4.364100000000001,296.153,49.33
23,H,-0.05445193457169072,-0.03647040068770139,-0.014840879019428136,0.0671963912348757,Diclofenac,O=C(O)Cc1ccccc1Nc1c(Cl)cccc1Cl,4.364100000000001,296.153,49.33
24,H,0.006176753360992399,-0.055012363175735324,-0.034813736181146145,0.06539501977331282,Diclofenac,O=C(O)Cc1ccccc1Nc1c(Cl)cccc1Cl,4.364100000000001,296.153,49.33
25,H,0.03699037986982213,-0.012969739972816672,-0.013983092029027708,0.04161765515461532,Diclofenac,O=C(O)Cc1ccccc1Nc1c(Cl)cccc1Cl,4.364100000000001,296.153,49.33
26,H,-0.03718467997498183,0.29499540907032334,-0.20957635985442166,0.36376811625984934,Diclofenac,O=C(O)Cc1ccccc1Nc1c(Cl)cccc1Cl,4.364100000000001,296.153,49.33
27,H,0.015095502974021797,-0.032014796044411355,0.027660034597378584,0.044921029482104906,Diclofenac,O=C(O)Cc1ccccc1Nc1c(Cl)cccc1Cl,4.364100000000001,296.153,49.33
28,H,0.06143969767360776,-0.01886954462811528,-0.002449267291576003,0.06431869926360717,Diclofenac,O=C(O)Cc1ccccc1Nc1c(Cl)cccc1Cl,4.364100000000001,296.153,49.33
29,H,0.028352257524359017,0.01919535013460886,-0.02905205405704891,0.04490360585132883,Diclofenac,O=C(O)Cc1ccccc1Nc1c(Cl)cccc1Cl,4.364100000000001,296.153,49.33
0,N,0.022758877230905986,0.14061103432695998,-0.03616751349688745,0.1469609420895787,Gabapentin,NCC1(CC(=O)O)CCCCC1,1.3702999999999994,171.23999999999992,63.32000000000001
1,C,0.2207604077890128,-0.37362010614778357,-0.26957497567957794,0.5108794465210921,Gabapentin,NCC1(CC(=O)O)CCCCC1,1.3702999999999994,171.23999999999992,63.32000000000001
2,C,-0.13077115915066984,-0.011430455716328627,0.05987973029704274,0.1442821315476707,Gabapentin,NCC1(CC(=O)O)CCCCC1,1.3702999999999994,171.23999999999992,63.32000000000001
3,C,-0.36682913892417246,-0.22175973616947361,-0.1021607507689129,0.44065612074209554,Gabapentin,NCC1(CC(=O)O)CCCCC1,1.3702999999999994,171.23999999999992,63.32000000000001
4,C,0.569867286837492,0.21257719567315386,-0.14177870001428183,0.624531014846762,Gabapentin,NCC1(CC(=O)O)CCCCC1,1.3702999999999994,171.23999999999992,63.32000000000001
5,O,0.04042525435816094,0.16460849649377537,0.3287484367967544,0.36987253615829996,Gabapentin,NCC1(CC(=O)O)CCCCC1,1.3702999999999994,171.23999999999992,63.32000000000001
6,O,0.08828558194636568,-0.12376878025884257,-0.41477491818756496,0.44175930969688837,Gabapentin,NCC1(CC(=O)O)CCCCC1,1.3702999999999994,171.23999999999992,63.32000000000001
7,C,-0.08716247590651167,-0.05439768593765929,0.012141989223064614,0.10345933183535674,Gabapentin,NCC1(CC(=O)O)CCCCC1,1.3702999999999994,171.23999999999992,63.32000000000001
8,C,0.026779103142033266,0.00017635842465200946,-0.11748773175455883,0.1205011144355801,Gabapentin,NCC1(CC(=O)O)CCCCC1,1.3702999999999994,171.23999999999992,63.32000000000001
9,C,0.12007823389681772,-0.03016137675457972,0.000273484661142789,0.1238085849098133,Gabapentin,NCC1(CC(=O)O)CCCCC1,1.3702999999999994,171.23999999999992,63.32000000000001
10,C,0.02581715562109614,-0.00915006945851891,0.11740974160131928,0.12056241834978336,Gabapentin,NCC1(CC(=O)O)CCCCC1,1.3702999999999994,171.23999999999992,63.32000000000001
11,C,-0.05455794371438274,0.08701878135204685,-0.013823076565555606,0.10363356105082129,Gabapentin,NCC1(CC(=O)O)CCCCC1,1.3702999999999994,171.23999999999992,63.32000000000001
12,H,-0.15894358615147205,0.17686209588636925,-0.23821237845956536,0.33658342471276403,Gabapentin,NCC1(CC(=O)O)CCCCC1,1.3702999999999994,171.23999999999992,63.32000000000001
13,H,0.2252113141651679,0.21023795075244153,0.134846492059577,0.3363089478223283,Gabapentin,NCC1(CC(=O)O)CCCCC1,1.3702999999999994,171.23999999999992,63.32000000000001
14,H,-0.0010993274941959107,-0.0008530391168204409,-0.0008509491809315352,0.0016310460394632976,Gabapentin,NCC1(CC(=O)O)CCCCC1,1.3702999999999994,171.23999999999992,63.32000000000001
15,H,0.001064972893593232,0.000581828284017203,-0.0010941115532197116,0.001633943544636593,Gabapentin,NCC1(CC(=O)O)CCCCC1,1.3702999999999994,171.23999999999992,63.32000000000001
16,H,-0.026999635036856602,0.03537157046200092,-0.035970194339741766,0.057218730935861745,Gabapentin,NCC1(CC(=O)O)CCCCC1,1.3702999999999994,171.23999999999992,63.32000000000001
17,H,0.01935226168957198,-0.04399586087490053,-0.03111136898601991,0.057254371770281094,Gabapentin,NCC1(CC(=O)O)CCCCC1,1.3702999999999994,171.23999999999992,63.32000000000001
18,H,-0.34146181560533206,-0.23895476382501943,-0.22015849726203693,0.471344157264985,Gabapentin,NCC1(CC(=O)O)CCCCC1,1.3702999999999994,171.23999999999992,63.32000000000001
19,H,-0.027620358313060124,-0.012264081100558311,-0.04014148235326076,0.05024570115044715,Gabapentin,NCC1(CC(=O)O)CCCCC1,1.3702999999999994,171.23999999999992,63.32000000000001
20,H,0.0005211900190764504,-0.040753134877486295,0.02951454227313712,0.05032094839101677,Gabapentin,NCC1(CC(=O)O)CCCCC1,1.3702999999999994,171.23999999999992,63.32000000000001
21,H,0.0008069252635808608,0.045979301533420835,-0.035045987838192336,0.05781841022924243,Gabapentin,NCC1(CC(=O)O)CCCCC1,1.3702999999999994,171.23999999999992,63.32000000000001
22,H,0.019940550675193604,-0.04449337555756548,-0.03099662548399879,0.05777609212409414,Gabapentin,NCC1(CC(=O)O)CCCCC1,1.3702999999999994,171.23999999999992,63.32000000000001
23,H,0.04459605405103691,0.033405399003829134,-0.01753957876672122,0.058415456369372405,Gabapentin,NCC1(CC(=O)O)CCCCC1,1.3702999999999994,171.23999999999992,63.32000000000001
24,H,0.02347435486760211,-0.05048330648946643,0.017687369845373054,0.058416201713279256,Gabapentin,NCC1(CC(=O)O)CCCCC1,1.3702999999999994,171.23999999999992,63.32000000000001
25,H,-0.018843769580503322,-0.04083580716439485,0.03631640051104595,0.05780598364226183,Gabapentin,NCC1(CC(=O)O)CCCCC1,1.3702999999999994,171.23999999999992,63.32000000000001
26,H,0.037929626690377256,0.03193213294476799,0.02966095845619592,0.05777620748901659,Gabapentin,NCC1(CC(=O)O)CCCCC1,1.3702999999999994,171.23999999999992,63.32000000000001
27,H,-0.018852592897878693,0.0245838238316016,0.039583561682668994,0.05026572399401037,Gabapentin,NCC1(CC(=O)O)CCCCC1,1.3702999999999994,171.23999999999992,63.32000000000001
28,H,0.017942172711592454,0.03537533407740373,-0.030985286266816913,0.050333128133835746,Gabapentin,NCC1(CC(=O)O)CCCCC1,1.3702999999999994,171.23999999999992,63.32000000000001
0,C,-0.003056897764495428,0.09035762035823061,-0.023937857674692753,0.09352467701520575,Ibuprofen (Racemate),CC(C)Cc1ccc(C(C)C(=O)O)cc1,3.073200000000001,206.285,37.3
1,C,0.06685775078697437,-0.03411454575185647,0.09216108205715327,0.11885884955733847,Ibuprofen (Racemate),CC(C)Cc1ccc(C(C)C(=O)O)cc1,3.073200000000001,206.285,37.3
2,C,-0.08344985937624938,-0.0392356975856,-0.014598021361774946,0.09336177602543394,Ibuprofen (Racemate),CC(C)Cc1ccc(C(C)C(=O)O)cc1,3.073200000000001,206.285,37.3
3,C,-0.028713773945743058,-0.084373676130448,-0.07735243664036791,0.11801185318507244,Ibuprofen (Racemate),CC(C)Cc1ccc(C(C)C(=O)O)cc1,3.073200000000001,206.285,37.3
4,C,-0.04205159564259073,-0.012450328368715163,-0.010223393096067374,0.04503182362478236,Ibuprofen (Racemate),CC(C)Cc1ccc(C(C)C(=O)O)cc1,3.073200000000001,206.285,37.3
5,C,-0.06506954503643037,0.03024276093146803,-0.12223263314118865,0.1417373870389686,Ibuprofen (Racemate),CC(C)Cc1ccc(C(C)C(=O)O)cc1,3.073200000000001,206.285,37.3
6,C,0.09265521657769668,0.07023176142605572,-0.06934797837454656,0.13537588993872898,Ibuprofen (Racemate),CC(C)Cc1ccc(C(C)C(=O)O)cc1,3.073200000000001,206.285,37.3
7,C,0.18884647526809584,0.05629644972844156,0.04768519554173628,0.20274653966730014,Ibuprofen (Racemate),CC(C)Cc1ccc(C(C)C(=O)O)cc1,3.073200000000001,206.285,37.3
8,C,0.36707927920343364,-0.30594529248611424,-0.19106637596887321,0.5146416998658437,Ibuprofen (Racemate),CC(C)Cc1ccc(C(C)C(=O)O)cc1,3.073200000000001,206.285,37.3
9,C,-0.012019044207314183,-0.09097035018948113,0.0037376145738217577,0.09183698492413962,Ibuprofen (Racemate),CC(C)Cc1ccc(C(C)C(=O)O)cc1,3.073200000000001,206.285,37.3
10,C,-0.37365038540184253,0.03988891126696087,0.546022543118034,0.6628320702456197,Ibuprofen (Racemate),CC(C)Cc1ccc(C(C)C(=O)O)cc1,3.073200000000001,206.285,37.3
11,O,-0.14563031724922063,0.33954659890215977,-0.08500679109326896,0.3791124327427254,Ibuprofen (Racemate),CC(C)Cc1ccc(C(C)C(=O)O)cc1,3.073200000000001,206.285,37.3
12,O,0.0702994744163515,-0.3793826856505469,0.23128274930499174,0.44984991763999754,Ibuprofen (Racemate),CC(C)Cc1ccc(C(C)C(=O)O)cc1,3.073200000000001,206.285,37.3
13,C,0.07635338306231816,-0.020794817593952856,0.10987084718107513,0.13540260929581094,Ibuprofen (Racemate),CC(C)Cc1ccc(C(C)C(=O)O)cc1,3.073200000000001,206.285,37.3
14,C,-0.08398105728914057,-0.0756886864681488,0.08545896918549417,0.1417209605419145,Ibuprofen (Racemate),CC(C)Cc1ccc(C(C)C(=O)O)cc1,3.073200000000001,206.285,37.3
15,H,-0.010824069803367203,0.0073257369288302595,-0.06714933826094971,0.06840950619279486,Ibuprofen (Racemate),CC(C)Cc1ccc(C(C)C(=O)O)cc1,3.073200000000001,206.285,37.3
16,H,0.05839964777330321,0.03184161822324615,0.01574641445053651,0.06835464197235551,Ibuprofen (Racemate),CC(C)Cc1ccc(C(C)C(=O)O)cc1,3.073200000000001,206.285,37.3
17,H,-0.05037696972888002,0.0323586093204744,0.033099358457420645,0.06841407900799668,Ibuprofen (Racemate),CC(C)Cc1ccc(C(C)C(=O)O)cc1,3.073200000000001,206.285,37.3
18,H,0.00896279235377385,-0.0024374273143426446,0.04634827082754041,0.047269809682212637,Ibuprofen (Racemate),CC(C)Cc1ccc(C(C)C(=O)O)cc1,3.073200000000001,206.285,37.3
19,H,-0.01694136351374212,0.001977425374802506,-0.06625270499818159,0.06841301724375078,Ibuprofen (Racemate),CC(C)Cc1ccc(C(C)C(=O)O)cc1,3.073200000000001,206.285,37.3
20,H,-0.04876008979546876,0.03248103516481627,0.03530168531374868,0.06840155691379508,Ibuprofen (Racemate),CC(C)Cc1ccc(C(C)C(=O)O)cc1,3.073200000000001,206.285,37.3
21,H,-6.20360871962994e-06,-0.06542375122557284,0.019951902961269433,0.06839843342274966,Ibuprofen (Racemate),CC(C)Cc1ccc(C(C)C(=O)O)cc1,3.073200000000001,206.285,37.3
22,H,-0.004326217821228596,0.002599181204318167,-0.02761206481289381,0.02806952131407027,Ibuprofen (Racemate),CC(C)Cc1ccc(C(C)C(=O)O)cc1,3.073200000000001,206.285,37.3
23,H,-0.002210572821516274,-0.027465780847416764,0.00540012484107662,0.028078765963923072,Ibuprofen (Racemate),CC(C)Cc1ccc(C(C)C(=O)O)cc1,3.073200000000001,206.285,37.3
24,H,-0.024408049401514535,0.016460063106370996,-0.0566979296139619,0.0638853799829215,Ibuprofen (Racemate),CC(C)Cc1ccc(C(C)C(=O)O)cc1,3.073200000000001,206.285,37.3
25,H,0.032866258654577145,0.03300802630579542,-0.042449309080034726,0.06302114407027191,Ibuprofen (Racemate),CC(C)Cc1ccc(C(C)C(=O)O)cc1,3.073200000000001,206.285,37.3
26,H,-0.015647372857845742,0.022580407056282406,-0.08221114267037011,0.08667979602737771,Ibuprofen (Racemate),CC(C)Cc1ccc(C(C)C(=O)O)cc1,3.073200000000001,206.285,37.3
27,H,0.04875154455901993,0.012496277415738076,0.014369116106486965,0.05233871935596909,Ibuprofen (Racemate),CC(C)Cc1ccc(C(C)C(=O)O)cc1,3.073200000000001,206.285,37.3
28,H,-0.007487769480038174,0.019459118216867077,-0.04798557887470714,0.052319592443987366,Ibuprofen (Racemate),CC(C)Cc1ccc(C(C)C(=O)O)cc1,3.073200000000001,206.285,37.3
29,H,-0.033160000444754215,0.024415865109442915,0.032300776220972924,0.05233603197622057,Ibuprofen (Racemate),CC(C)Cc1ccc(C(C)C(=O)O)cc1,3.073200000000001,206.285,37.3
30,H,0.29652748591392497,-0.3065606848682482,-0.20070017603360835,0.47136881957681903,Ibuprofen (Racemate),CC(C)Cc1ccc(C(C)C(=O)O)cc1,3.073200000000001,206.285,37.3
31,H,0.02393672442182707,-0.016865498391497615,0.05579734750108566,0.06301393338141185,Ibuprofen (Racemate),CC(C)Cc1ccc(C(C)C(=O)O)cc1,3.073200000000001,206.285,37.3
32,H,-0.03344393259800455,-0.034221563817705136,0.04233827365590708,0.06389163852893125,Ibuprofen (Racemate),CC(C)Cc1ccc(C(C)C(=O)O)cc1,3.073200000000001,206.285,37.3
0,C,0.017379730036921223,-0.020356563018982338,-0.02258259271094968,0.0350202536777034,Lidocaine,CCN(CC)CC(=O)Nc1c(C)cccc1C,2.5837400000000006,234.343,32.34
1,C,-0.17457520642491148,0.1440625647253677,-0.3876637974974463,0.4489028237198918,Lidocaine,CCN(CC)CC(=O)Nc1c(C)cccc1C,2.5837400000000006,234.343,32.34
2,N,-0.07146693403716806,0.06106320106483241,0.07489062581402295,0.12018670067762523,Lidocaine,CCN(CC)CC(=O)Nc1c(C)cccc1C,2.5837400000000006,234.343,32.34
3,C,0.4184960246382874,-0.06974451072400722,0.13794784457122922,0.4461309530127104,Lidocaine,CCN(CC)CC(=O)Nc1c(C)cccc1C,2.5837400000000006,234.343,32.34
4,C,0.015018199514684024,0.0312516984668349,-0.0057705731886718925,0.03514988604036499,Lidocaine,CCN(CC)CC(=O)Nc1c(C)cccc1C,2.5837400000000006,234.343,32.34
5,C,-0.580371625259712,0.17380097061263639,0.30358250345608023,0.6776432226453349,Lidocaine,CCN(CC)CC(=O)Nc1c(C)cccc1C,2.5837400000000006,234.343,32.34
6,C,0.477091346804763,0.039899346589108486,0.08121906633266004,0.4855972073541707,Lidocaine,CCN(CC)CC(=O)Nc1c(C)cccc1C,2.5837400000000006,234.343,32.34
7,O,0.08094224078588806,0.2534043466262333,-0.1208584288631507,0.29218516228545577,Lidocaine,CCN(CC)CC(=O)Nc1c(C)cccc1C,2.5837400000000006,234.343,32.34
8,N,0.2137202489857073,-0.12345435922590273,0.03447883870742681,0.24921098281777973,Lidocaine,CCN(CC)CC(=O)Nc1c(C)cccc1C,2.5837400000000006,234.343,32.34
9,C,-0.4161962044310437,-0.042129271174190644,-0.04893535715495762,0.42117552784125395,Lidocaine,CCN(CC)CC(=O)Nc1c(C)cccc1C,2.5837400000000006,234.343,32.34
10,C,0.07195718058085976,-0.028693571319424602,0.11456908051174128,0.13830123311639425,Lidocaine,CCN(CC)CC(=O)Nc1c(C)cccc1C,2.5837400000000006,234.343,32.34
11,C,0.04157286162757069,0.024476532095757904,-0.055768219260735975,0.07373939060538356,Lidocaine,CCN(CC)CC(=O)Nc1c(C)cccc1C,2.5837400000000006,234.343,32.34
12,C,-0.012315714824777831,0.04235682537288524,-0.12799447597234695,0.1353822860153796,Lidocaine,CCN(CC)CC(=O)Nc1c(C)cccc1C,2.5837400000000006,234.343,32.34
13,C,-0.14441351483241133,-0.01570818540832215,-0.02635185175910718,0.1476361420730279,Lidocaine,CCN(CC)CC(=O)Nc1c(C)cccc1C,2.5837400000000006,234.343,32.34
14,C,-0.04769016594388642,-0.04577868577576506,0.1178941176862214,0.13516309771577553,Lidocaine,CCN(CC)CC(=O)Nc1c(C)cccc1C,2.5837400000000006,234.343,32.34
15,C,0.10313614879864869,0.03786811456260399,-0.08563055808640897,0.13929699123718847,Lidocaine,CCN(CC)CC(=O)Nc1c(C)cccc1C,2.5837400000000006,234.343,32.34
16,C,0.01938212910088815,-0.012399993775876321,0.07028578966394693,0.0739561965139491,Lidocaine,CCN(CC)CC(=O)Nc1c(C)cccc1C,2.5837400000000006,234.343,32.34
17,H,-0.02062049383037447,0.005496287779914092,-0.05328962393122142,0.0574038148897715,Lidocaine,CCN(CC)CC(=O)Nc1c(C)cccc1C,2.5837400000000006,234.343,32.34
18,H,0.055589138043400446,0.013973322400544113,-0.0016836678220097765,0.05734318394240635,Lidocaine,CCN(CC)CC(=O)Nc1c(C)cccc1C,2.5837400000000006,234.343,32.34
19,H,-0.004624693891010562,-0.055219365580088164,0.014948062934852251,0.057393472748713155,Lidocaine,CCN(CC)CC(=O)Nc1c(C)cccc1C,2.5837400000000006,234.343,32.34
20,H,0.0005885199329852088,0.004393660715518529,-0.001201552712960118,0.004592857402166272,Lidocaine,CCN(CC)CC(=O)Nc1c(C)cccc1C,2.5837400000000006,234.343,32.34
21,H,-0.004429606700226611,-0.0009714506825584269,-0.0007072518062357646,0.004589699016793963,Lidocaine,CCN(CC)CC(=O)Nc1c(C)cccc1C,2.5837400000000006,234.343,32.34
22,H,0.0005759031479198881,-0.0010102148160480197,0.004448986778609638,0.004598443406913946,Lidocaine,CCN(CC)CC(=O)Nc1c(C)cccc1C,2.5837400000000006,234.343,32.34
23,H,0.0024645810612164637,-0.0031851245884228687,-0.0022050867076000603,0.004591468810644072,Lidocaine,CCN(CC)CC(=O)Nc1c(C)cccc1C,2.5837400000000006,234.343,32.34
24,H,-0.02668889707791504,0.041282930110098655,0.029523074042574912,0.05734273665107197,Lidocaine,CCN(CC)CC(=O)Nc1c(C)cccc1C,2.5837400000000006,234.343,32.34
25,H,-0.0015619875496167928,0.013503580940635217,-0.05570270166763948,0.05733740032822809,Lidocaine,CCN(CC)CC(=O)Nc1c(C)cccc1C,2.5837400000000006,234.343,32.34
26,H,0.05507777431349285,0.00012863551114725182,0.016173575450555075,0.057403504364085464,Lidocaine,CCN(CC)CC(=O)Nc1c(C)cccc1C,2.5837400000000006,234.343,32.34
27,H,-0.025409329745938982,0.008592978795026365,-0.08141136925664769,0.08571630164065569,Lidocaine,CCN(CC)CC(=O)Nc1c(C)cccc1C,2.5837400000000006,234.343,32.34
28,H,-0.004404790077790357,-0.08346531921674197,0.01861946691043129,0.08563028807385084,Lidocaine,CCN(CC)CC(=O)Nc1c(C)cccc1C,2.5837400000000006,234.343,32.34
29,H,0.15488674351144935,0.18050060348752614,-0.22532134018115368,0.3276279559438935,Lidocaine,CCN(CC)CC(=O)Nc1c(C)cccc1C,2.5837400000000006,234.343,32.34
30,H,-0.022336529313395845,0.007206776078021971,-0.03398127975718193,0.04129873529713476,Lidocaine,CCN(CC)CC(=O)Nc1c(C)cccc1C,2.5837400000000006,234.343,32.34
31,H,0.0285932949701796,-0.028076905266564946,-0.009874951336067738,0.04127231263800305,Lidocaine,CCN(CC)CC(=O)Nc1c(C)cccc1C,2.5837400000000006,234.343,32.34
32,H,0.018306753302633597,0.03549382578830407,0.010416920440522474,0.041273007123762376,Lidocaine,CCN(CC)CC(=O)Nc1c(C)cccc1C,2.5837400000000006,234.343,32.34
33,H,-0.024391702734693183,0.014963614848921373,-0.055300460465967094,0.062265607355846846,Lidocaine,CCN(CC)CC(=O)Nc1c(C)cccc1C,2.5837400000000006,234.343,32.34
34,H,-0.0655430571723331,-0.006732374009441235,-0.011727878151389834,0.06692354091971353,Lidocaine,CCN(CC)CC(=O)Nc1c(C)cccc1C,2.5837400000000006,234.343,32.34
35,H,-0.038789929775832704,-0.02003326560536349,0.044455658072405445,0.06230807265097918,Lidocaine,CCN(CC)CC(=O)Nc1c(C)cccc1C,2.5837400000000006,234.343,32.34
36,H,0.007561036072337524,-0.04015200449082101,0.005509363549855682,0.041227488619155275,Lidocaine,CCN(CC)CC(=O)Nc1c(C)cccc1C,2.5837400000000006,234.343,32.34
37,H,0.03291407707059501,0.022397747847222267,0.01073667943399946,0.04123435295121393,Lidocaine,CCN(CC)CC(=O)Nc1c(C)cccc1C,2.5837400000000006,234.343,32.34
38,H,-0.029952324888292203,0.010939064036168969,0.026317345496525483,0.04134498230964313,Lidocaine,CCN(CC)CC(=O)Nc1c(C)cccc1C,2.5837400000000006,234.343,32.34
0,C,-0.17938167791888862,0.4521073330650994,0.061625725181248966,0.4902821197926225,Ketamine,CNC1(c2ccccc2Cl)CCCCC1=O,2.897800000000001,237.7299999999999,29.1
1,N,-0.057662271714504734,-0.15030171206766535,-0.08200920984382913,0.18066835010304919,Ketamine,CNC1(c2ccccc2Cl)CCCCC1=O,2.897800000000001,237.7299999999999,29.1
2,C,0.10075796996452288,-0.3890396960645014,-0.4056079271297318,0.570983225827002,Ketamine,CNC1(c2ccccc2Cl)CCCCC1=O,2.897800000000001,237.7299999999999,29.1
3,C,0.1704679814449791,0.09727880069292949,-0.03314393159212666,0.1990502900363725,Ketamine,CNC1(c2ccccc2Cl)CCCCC1=O,2.897800000000001,237.7299999999999,29.1
4,C,0.1055567767022793,-0.023661500273192894,0.07529534960654347,0.1318009460334969,Ketamine,CNC1(c2ccccc2Cl)CCCCC1=O,2.897800000000001,237.7299999999999,29.1
5,C,-0.07693277513409773,-0.09839558830333009,0.0808735884905537,0.14879812163710768,Ketamine,CNC1(c2ccccc2Cl)CCCCC1=O,2.897800000000001,237.7299999999999,29.1
6,C,-0.13258547768186568,-0.007732300226455425,-0.05326240929738078,0.14309291248375045,Ketamine,CNC1(c2ccccc2Cl)CCCCC1=O,2.897800000000001,237.7299999999999,29.1
7,C,0.08114899089113681,0.0992548794682312,-0.081035635864799,0.1516689292535396,Ketamine,CNC1(c2ccccc2Cl)CCCCC1=O,2.897800000000001,237.7299999999999,29.1
8,C,-0.007467537580664475,-0.08747108422717262,0.09714439795051459,0.13093505545331893,Ketamine,CNC1(c2ccccc2Cl)CCCCC1=O,2.897800000000001,237.7299999999999,29.1
9,Cl,-0.03539245066497249,-0.054282011677832295,0.04620423445490369,0.07958639103156107,Ketamine,CNC1(c2ccccc2Cl)CCCCC1=O,2.897800000000001,237.7299999999999,29.1
10,C,-0.1842042345685329,-0.07177944582479692,0.026394628547865468,0.1994496560339823,Ketamine,CNC1(c2ccccc2Cl)CCCCC1=O,2.897800000000001,237.7299999999999,29.1
11,C,0.024002339066834973,0.09433744734745433,0.018420926670169216,0.09907066564882251,Ketamine,CNC1(c2ccccc2Cl)CCCCC1=O,2.897800000000001,237.7299999999999,29.1
12,C,0.052148318891884884,-0.08817573153215741,-0.005109116657300863,0.1025695367421474,Ketamine,CNC1(c2ccccc2Cl)CCCCC1=O,2.897800000000001,237.7299999999999,29.1
13,C,-0.25053069884698204,-0.06372440128422979,-0.015423711287385206,0.2589677996463409,Ketamine,CNC1(c2ccccc2Cl)CCCCC1=O,2.897800000000001,237.7299999999999,29.1
14,C,0.0933726363006941,0.4597808770484387,0.11106838472261031,0.48213389239303944,Ketamine,CNC1(c2ccccc2Cl)CCCCC1=O,2.897800000000001,237.7299999999999,29.1
15,O,0.0821656750755043,0.1653009170583942,0.05842553791987621,0.19362111150953132,Ketamine,CNC1(c2ccccc2Cl)CCCCC1=O,2.897800000000001,237.7299999999999,29.1
16,H,-0.000332233196048668,0.003557873376544986,0.016264346098889656,0.01665226098415922,Ketamine,CNC1(c2ccccc2Cl)CCCCC1=O,2.897800000000001,237.7299999999999,29.1
17,H,-0.015565896611254671,0.0014701962511737853,-0.005669070379369863,0.016631204805890757,Ketamine,CNC1(c2ccccc2Cl)CCCCC1=O,2.897800000000001,237.7299999999999,29.1
18,H,0.009581452026154508,0.011539781695973549,-0.007162317021447054,0.016621358838432455,Ketamine,CNC1(c2ccccc2Cl)CCCCC1=O,2.897800000000001,237.7299999999999,29.1
19,H,-0.1707388161994954,-0.19621580649148948,0.16907327032677244,0.3102227535389701,Ketamine,CNC1(c2ccccc2Cl)CCCCC1=O,2.897800000000001,237.7299999999999,29.1
20,H,0.021715098561280143,-0.03189323183278035,0.04620746983229569,0.06019845521745638,Ketamine,CNC1(c2ccccc2Cl)CCCCC1=O,2.897800000000001,237.7299999999999,29.1
21,H,-0.03667434942391594,-0.044269293103230994,0.034786627793489636,0.06719291399225102,Ketamine,CNC1(c2ccccc2Cl)CCCCC1=O,2.897800000000001,237.7299999999999,29.1
22,H,-0.06282907346320188,-0.010453262357560299,-0.017345859017987564,0.06601243815548935,Ketamine,CNC1(c2ccccc2Cl)CCCCC1=O,2.897800000000001,237.7299999999999,29.1
23,H,-0.01933625069234869,0.022760882266187003,-0.036280212626481005,0.04699151179303825,Ketamine,CNC1(c2ccccc2Cl)CCCCC1=O,2.897800000000001,237.7299999999999,29.1
24,H,0.0012450198111716407,-0.009005587871001964,-0.023986097502837447,0.025651190238430894,Ketamine,CNC1(c2ccccc2Cl)CCCCC1=O,2.897800000000001,237.7299999999999,29.1
25,H,-0.0076651128412989385,0.024342164247341046,-0.0012931871913373556,0.025553223832350657,Ketamine,CNC1(c2ccccc2Cl)CCCCC1=O,2.897800000000001,237.7299999999999,29.1
26,H,0.03149203235777841,0.03112405936028124,-0.03296125186926389,0.055198725509514476,Ketamine,CNC1(c2ccccc2Cl)CCCCC1=O,2.897800000000001,237.7299999999999,29.1
27,H,0.001352318236169428,0.02356473597143574,0.049883183166159945,0.05518566397900832,Ketamine,CNC1(c2ccccc2Cl)CCCCC1=O,2.897800000000001,237.7299999999999,29.1
28,H,0.005357627359499077,-0.01818835171008731,-0.047003922208842704,0.05068420870318511,Ketamine,CNC1(c2ccccc2Cl)CCCCC1=O,2.897800000000001,237.7299999999999,29.1
29,H,0.04618225869370186,0.0015974218254158916,0.02062784985599215,0.050604949997225285,Ketamine,CNC1(c2ccccc2Cl)CCCCC1=O,2.897800000000001,237.7299999999999,29.1
30,H,0.00019394449799901354,-0.0023511146100807373,-0.008901864521275471,0.009209155571124976,Ketamine,CNC1(c2ccccc2Cl)CCCCC1=O,2.897800000000001,237.7299999999999,29.1
31,H,-0.0032102185424329674,0.008627120252104263,0.0004790071400254985,0.009217491783269641,Ketamine,CNC1(c2ccccc2Cl)CCCCC1=O,2.897800000000001,237.7299999999999,29.1
0,N,-0.22149809186146413,-0.0940790822646509,0.08110502695988966,0.25394941192330606,Lamotrigine,Nc1nnc(-c2cccc(Cl)c2Cl)c(N)n1,2.0098,256.09599999999995,90.71
1,C,-0.3186943610465806,-0.05228500013859251,-0.07687427461736313,0.33197811840590735,Lamotrigine,Nc1nnc(-c2cccc(Cl)c2Cl)c(N)n1,2.0098,256.09599999999995,90.71
2,N,0.3566414075669493,0.1795819015267165,0.21684374839936624,0.45438305884701924,Lamotrigine,Nc1nnc(-c2cccc(Cl)c2Cl)c(N)n1,2.0098,256.09599999999995,90.71
3,N,-0.23955088341069358,0.09646424205781685,0.13077454687856874,0.2894684056161013,Lamotrigine,Nc1nnc(-c2cccc(Cl)c2Cl)c(N)n1,2.0098,256.09599999999995,90.71
4,C,-0.014414720606995876,0.21616683166257972,0.27649714150655536,0.3512642204132267,Lamotrigine,Nc1nnc(-c2cccc(Cl)c2Cl)c(N)n1,2.0098,256.09599999999995,90.71
5,C,0.1750806774906753,-0.0646613784569034,0.137419460033935,0.2317724001915651,Lamotrigine,Nc1nnc(-c2cccc(Cl)c2Cl)c(N)n1,2.0098,256.09599999999995,90.71
6,C,0.1380149319733038,0.011857842443920196,-0.011649556418973459,0.13901238088666548,Lamotrigine,Nc1nnc(-c2cccc(Cl)c2Cl)c(N)n1,2.0098,256.09599999999995,90.71
7,C,-0.06521891206772151,0.0514167628899104,-0.10420542988405868,0.13325149760770394,Lamotrigine,Nc1nnc(-c2cccc(Cl)c2Cl)c(N)n1,2.0098,256.09599999999995,90.71
8,C,-0.08228660350729491,-0.06653077718179691,0.12000899510454911,0.15999871354227932,Lamotrigine,Nc1nnc(-c2cccc(Cl)c2Cl)c(N)n1,2.0098,256.09599999999995,90.71
9,C,0.20929492486581236,0.029823639643710844,-0.04015895086109107,0.21518958243940967,Lamotrigine,Nc1nnc(-c2cccc(Cl)c2Cl)c(N)n1,2.0098,256.09599999999995,90.71
10,Cl,0.06415823668855693,0.040052320736545056,-0.0708868209837576,0.10366006521583548,Lamotrigine,Nc1nnc(-c2cccc(Cl)c2Cl)c(N)n1,2.0098,256.09599999999995,90.71
11,C,-0.12076416096137375,0.07757597468520393,-0.14942580029795474,0.20719576302557022,Lamotrigine,Nc1nnc(-c2cccc(Cl)c2Cl)c(N)n1,2.0098,256.09599999999995,90.71
12,Cl,-0.04906720426211674,0.05163524059654026,-0.09627019487504543,0.11975699990748813,Lamotrigine,Nc1nnc(-c2cccc(Cl)c2Cl)c(N)n1,2.0098,256.09599999999995,90.71
13,C,-0.1368587989905944,-0.4129544940724038,-0.49803179372636713,0.6612846683524771,Lamotrigine,Nc1nnc(-c2cccc(Cl)c2Cl)c(N)n1,2.0098,256.09599999999995,90.71
14,N,0.10830213668737923,-0.14669734718114125,0.0264346711789451,0.18425052597312988,Lamotrigine,Nc1nnc(-c2cccc(Cl)c2Cl)c(N)n1,2.0098,256.09599999999995,90.71
15,N,-0.06703951512412529,-0.17716241023229914,-0.22920901698740553,0.29735095368222386,Lamotrigine,Nc1nnc(-c2cccc(Cl)c2Cl)c(N)n1,2.0098,256.09599999999995,90.71
16,H,0.13293924790441244,0.08576555519826867,0.33476882505559014,0.3702684706006689,Lamotrigine,Nc1nnc(-c2cccc(Cl)c2Cl)c(N)n1,2.0098,256.09599999999995,90.71
17,H,0.12595772967321806,-0.3097019655270473,-0.1592797979595705,0.37033864388393156,Lamotrigine,Nc1nnc(-c2cccc(Cl)c2Cl)c(N)n1,2.0098,256.09599999999995,90.71
18,H,0.031315042894355175,0.02213059367340872,-0.04029673172061096,0.05562572853613439,Lamotrigine,Nc1nnc(-c2cccc(Cl)c2Cl)c(N)n1,2.0098,256.09599999999995,90.71
19,H,-0.027077243167975447,0.02645224817454346,-0.0531759260057235,0.06527310041381129,Lamotrigine,Nc1nnc(-c2cccc(Cl)c2Cl)c(N)n1,2.0098,256.09599999999995,90.71
20,H,-0.04537524541207875,0.0006099452894839208,-0.004856583819609765,0.04563848524939705,Lamotrigine,Nc1nnc(-c2cccc(Cl)c2Cl)c(N)n1,2.0098,256.09599999999995,90.71
21,H,0.28810872509433044,0.15099256291600224,0.21241171921260846,0.3884895493964791,Lamotrigine,Nc1nnc(-c2cccc(Cl)c2Cl)c(N)n1,2.0098,256.09599999999995,90.71
22,H,-0.24710319249908977,-0.20120655282804972,0.22110488286962215,0.3878549134315283,Lamotrigine,Nc1nnc(-c2cccc(Cl)c2Cl)c(N)n1,2.0098,256.09599999999995,90.71
0,C,-0.013747424879379909,-0.05150818996502147,0.017340718365910026,0.056060555096544853,Propofol,CC(C)c1cccc(C(C)C)c1O,3.6390000000000025,178.27499999999995,20.23
1,C,0.013649161409301142,0.02729802262897783,-0.1180562660142921,0.12193753971548976,Propofol,CC(C)c1cccc(C(C)C)c1O,3.6390000000000025,178.27499999999995,20.23
2,C,-0.013146114410787774,0.03882863109253271,0.03825380320564066,0.05606992399065121,Propofol,CC(C)c1cccc(C(C)C)c1O,3.6390000000000025,178.27499999999995,20.23
3,C,0.14998357988040867,-0.03460549289987995,0.1681892734264383,0.2279917675450142,Propofol,CC(C)c1cccc(C(C)C)c1O,3.6390000000000025,178.27499999999995,20.23
4,C,-0.13121714069283882,0.0039510847770097765,-0.01632041037328414,0.13228720602262253,Propofol,CC(C)c1cccc(C(C)C)c1O,3.6390000000000025,178.27499999999995,20.23
5,C,0.0209470856797914,0.026150735827390678,-0.14036888639051281,0.14431238910538205,Propofol,CC(C)c1cccc(C(C)C)c1O,3.6390000000000025,178.27499999999995,20.23
6,C,0.13017182203736058,-0.004237396610166333,0.020739076861599516,0.1318816442558609,Propofol,CC(C)c1cccc(C(C)C)c1O,3.6390000000000025,178.27499999999995,20.23
7,C,-0.19292817539159673,-0.0268706293286281,0.11726738709315353,0.22736523845148965,Propofol,CC(C)c1cccc(C(C)C)c1O,3.6390000000000025,178.27499999999995,20.23
8,C,-0.10459784981697133,0.02943942673338026,0.059091237209419264,0.12368979079804286,Propofol,CC(C)c1cccc(C(C)C)c1O,3.6390000000000025,178.27499999999995,20.23
9,C,0.04058404616778574,0.03749512630038095,-0.009520754134785816,0.056067763098999454,Propofol,CC(C)c1cccc(C(C)C)c1O,3.6390000000000025,178.27499999999995,20.23
10,C,0.020569740566679297,-0.051944826823706214,-0.0021849605148317568,0.0559120140325556,Propofol,CC(C)c1cccc(C(C)C)c1O,3.6390000000000025,178.27499999999995,20.23
11,C,0.12010599890304936,0.1573290205694096,-0.6611711072798253,0.6901631001346415,Propofol,CC(C)c1cccc(C(C)C)c1O,3.6390000000000025,178.27499999999995,20.23
12,O,0.2426408956934918,-0.12415528766725129,-0.06614283430082799,0.2804710577724993,Propofol,CC(C)c1cccc(C(C)C)c1O,3.6390000000000025,178.27499999999995,20.23
13,H,-0.06281226226942511,-0.003989981187309065,0.012357244853162311,0.06414048442005356,Propofol,CC(C)c1cccc(C(C)C)c1O,3.6390000000000025,178.27499999999995,20.23
14,H,0.013956011059346275,-0.04379302860197246,-0.04474287044752326,0.06414455592414389,Propofol,CC(C)c1cccc(C(C)C)c1O,3.6390000000000025,178.27499999999995,20.23
15,H,0.031086388697455822,-0.01624394389785009,0.05360071339149912,0.06405673853454798,Propofol,CC(C)c1cccc(C(C)C)c1O,3.6390000000000025,178.27499999999995,20.23
16,H,-0.01193826387816373,0.003735893882663742,-0.015630075162188627,0.020019447971981123,Propofol,CC(C)c1cccc(C(C)C)c1O,3.6390000000000025,178.27499999999995,20.23
17,H,0.030728201410747922,-0.00962556561527454,0.05537061802417318,0.06405294072665468,Propofol,CC(C)c1cccc(C(C)C)c1O,3.6390000000000025,178.27499999999995,20.23
18,H,0.015081626935736406,0.058766913762673324,-0.020819241740950997,0.06414395100776354,Propofol,CC(C)c1cccc(C(C)C)c1O,3.6390000000000025,178.27499999999995,20.23
19,H,-0.06287028332982077,-0.0007204546531932322,0.012691278717312108,0.06414249867568106,Propofol,CC(C)c1cccc(C(C)C)c1O,3.6390000000000025,178.27499999999995,20.23
20,H,-0.04605824660579122,0.007511812601932317,-0.03757707133474264,0.059915154168730674,Propofol,CC(C)c1cccc(C(C)C)c1O,3.6390000000000025,178.27499999999995,20.23
21,H,0.009702249549812811,0.01226745707945532,-0.0649151530256837,0.06677275823171491,Propofol,CC(C)c1cccc(C(C)C)c1O,3.6390000000000025,178.27499999999995,20.23
22,H,0.05484471795660639,0.004162713221885589,-0.02363342962242997,0.059864933515587526,Propofol,CC(C)c1cccc(C(C)C)c1O,3.6390000000000025,178.27499999999995,20.23
23,H,-0.005744596897510125,0.003570558443884377,0.01879935771125311,0.019979117384702677,Propofol,CC(C)c1cccc(C(C)C)c1O,3.6390000000000025,178.27499999999995,20.23
24,H,0.04502355284608244,-0.0028189959268215873,0.04561345961844257,0.06415336894725565,Propofol,CC(C)c1cccc(C(C)C)c1O,3.6390000000000025,178.27499999999995,20.23
25,H,0.029262771084696618,-0.010315589193832053,-0.056089009892939246,0.06409912778456113,Propofol,CC(C)c1cccc(C(C)C)c1O,3.6390000000000025,178.27499999999995,20.23
26,H,-0.02363549189153495,0.059621751082811085,-0.0004951742154557352,0.0641376245010614,Propofol,CC(C)c1cccc(C(C)C)c1O,3.6390000000000025,178.27499999999995,20.23
27,H,0.021426520444032492,-0.014190969801422934,-0.05878451058051782,0.06415682416106996,Propofol,CC(C)c1cccc(C(C)C)c1O,3.6390000000000025,178.27499999999995,20.23
28,H,-0.04472697867971548,-0.04334029765684529,0.015341429562339883,0.06414236886657608,Propofol,CC(C)c1cccc(C(C)C)c1O,3.6390000000000025,178.27499999999995,20.23
29,H,0.04883858317282426,-0.006965517734426309,0.04096295268800437,0.06412245423061383,Propofol,CC(C)c1cccc(C(C)C)c1O,3.6390000000000025,178.27499999999995,20.23
30,H,0.3697250913831973,-0.2807841084345941,0.16244823575812786,0.4918595206445147,Propofol,CC(C)c1cccc(C(C)C)c1O,3.6390000000000025,178.27499999999995,20.23
0,C,0.08959358984555342,-0.01952774559968831,-0.0490297799377543,0.10398203455580206,rac-Etomidate,CCOC(=O)c1cncn1C(C)c1ccccc1,2.669100000000001,244.294,44.12
1,C,-0.4124342709680329,-0.4747143102046813,-0.3248598510064353,0.707806207219153,rac-Etomidate,CCOC(=O)c1cncn1C(C)c1ccccc1,2.669100000000001,244.294,44.12
2,O,0.34880662618508995,-0.1337075580067204,-0.24703727189677263,0.4478517469486365,rac-Etomidate,CCOC(=O)c1cncn1C(C)c1ccccc1,2.669100000000001,244.294,44.12
3,C,0.6413680465470827,0.26306080223098793,0.04105683901464201,0.6944347491535156,rac-Etomidate,CCOC(=O)c1cncn1C(C)c1ccccc1,2.669100000000001,244.294,44.12
4,O,-0.09216361314780018,0.28884424508662676,0.31307058887128675,0.43581914038318115,rac-Etomidate,CCOC(=O)c1cncn1C(C)c1ccccc1,2.669100000000001,244.294,44.12
5,C,-0.7763155075371884,-0.3061666026054216,-0.07016413570106263,0.8374525429732396,rac-Etomidate,CCOC(=O)c1cncn1C(C)c1ccccc1,2.669100000000001,244.294,44.12
6,C,-0.3232575702590304,-0.29964520685169754,-0.16475651689856635,0.4705607469599607,rac-Etomidate,CCOC(=O)c1cncn1C(C)c1ccccc1,2.669100000000001,244.294,44.12
7,N,0.022062465461677103,-0.0951051045655121,-0.08730447424228915,0.13097253345410714,rac-Etomidate,CCOC(=O)c1cncn1C(C)c1ccccc1,2.669100000000001,244.294,44.12
8,C,0.48825583263656236,0.23510196500543049,0.0511338345989296,0.5443173349194642,rac-Etomidate,CCOC(=O)c1cncn1C(C)c1ccccc1,2.669100000000001,244.294,44.12
9,N,-0.10859300001199744,0.03818602732496532,0.05540410927735546,0.12775064641435604,rac-Etomidate,CCOC(=O)c1cncn1C(C)c1ccccc1,2.669100000000001,244.294,44.12
10,C,0.18841753286494295,-0.3325321934547118,-0.26016954747250287,0.4623494563712178,rac-Etomidate,CCOC(=O)c1cncn1C(C)c1ccccc1,2.669100000000001,244.294,44.12
11,C,8.556485584042782e-05,-0.02391412720892713,0.0524221268627293,0.05761919980632661,rac-Etomidate,CCOC(=O)c1cncn1C(C)c1ccccc1,2.669100000000001,244.294,44.12
12,C,-0.15280119741207224,0.03595219288609364,-0.06532389799510646,0.17002346236080781,rac-Etomidate,CCOC(=O)c1cncn1C(C)c1ccccc1,2.669100000000001,244.294,44.12
13,C,-0.049059796825221436,0.08186052021623255,-0.0958040009096977,0.13522727174985666,rac-Etomidate,CCOC(=O)c1cncn1C(C)c1ccccc1,2.669100000000001,244.294,44.12
14,C,0.12087088439135821,0.07148027141481701,-0.054593181035803656,0.15066391509148105,rac-Etomidate,CCOC(=O)c1cncn1C(C)c1ccccc1,2.669100000000001,244.294,44.12
15,C,0.13716566070487507,-0.03406572802957796,0.06129931959974647,0.15405355849892577,rac-Etomidate,CCOC(=O)c1cncn1C(C)c1ccccc1,2.669100000000001,244.294,44.12
16,C,0.0036005548702739603,-0.10235203319129016,0.11080423516740262,0.15088565612674348,rac-Etomidate,CCOC(=O)c1cncn1C(C)c1ccccc1,2.669100000000001,244.294,44.12
17,C,-0.1294752194414796,-0.03631933250979684,0.016186315180150436,0.1354434315959532,rac-Etomidate,CCOC(=O)c1cncn1C(C)c1ccccc1,2.669100000000001,244.294,44.12
18,H,-0.02448831786253437,-0.019780226206527515,-0.011093802227664006,0.03337675101600575,rac-Etomidate,CCOC(=O)c1cncn1C(C)c1ccccc1,2.669100000000001,244.294,44.12
19,H,-0.00900328585290547,0.031875542443731156,-0.004465463806806406,0.033422293895559174,rac-Etomidate,CCOC(=O)c1cncn1C(C)c1ccccc1,2.669100000000001,244.294,44.12
20,H,0.0035090638335166535,-0.004583064353859736,0.03292004233090981,0.033422255982028026,rac-Etomidate,CCOC(=O)c1cncn1C(C)c1ccccc1,2.669100000000001,244.294,44.12
21,H,-0.02599157112082007,0.09258254202082078,-0.01541485013887715,0.0973894576490173,rac-Etomidate,CCOC(=O)c1cncn1C(C)c1ccccc1,2.669100000000001,244.294,44.12
22,H,0.011132515798599963,-0.01556838159708136,0.09549031539734863,0.09738946425688734,rac-Etomidate,CCOC(=O)c1cncn1C(C)c1ccccc1,2.669100000000001,244.294,44.12
23,H,0.05642166990030579,-0.014831647272855481,-0.028310664203471655,0.06484501756347365,rac-Etomidate,CCOC(=O)c1cncn1C(C)c1ccccc1,2.669100000000001,244.294,44.12
24,H,-0.09898108362753376,-0.030956542218313076,0.002963725054285889,0.10375136668204632,rac-Etomidate,CCOC(=O)c1cncn1C(C)c1ccccc1,2.669100000000001,244.294,44.12
25,H,0.028638318539894222,0.05584021250733044,0.004632383990676728,0.06292647775851871,rac-Etomidate,CCOC(=O)c1cncn1C(C)c1ccccc1,2.669100000000001,244.294,44.12
26,H,0.0229155799205858,-0.02402642594843497,-0.028525674844638665,0.043773360303893,rac-Etomidate,CCOC(=O)c1cncn1C(C)c1ccccc1,2.669100000000001,244.294,44.12
27,H,-0.04096362362801799,0.003163304310273753,-0.01515608115276073,0.043791914217197435,rac-Etomidate,CCOC(=O)c1cncn1C(C)c1ccccc1,2.669100000000001,244.294,44.12
28,H,0.016640362700414576,0.04050743294725805,0.0002501196357861762,0.043792880181716315,rac-Etomidate,CCOC(=O)c1cncn1C(C)c1ccccc1,2.669100000000001,244.294,44.12
29,H,-0.0016987464952540744,0.042380624578345946,-0.045116416401133466,0.061923292129749556,rac-Etomidate,CCOC(=O)c1cncn1C(C)c1ccccc1,2.669100000000001,244.294,44.12
30,H,0.055575326588451934,0.03059249917568697,-0.02254489536672322,0.06732599972019723,rac-Etomidate,CCOC(=O)c1cncn1C(C)c1ccccc1,2.669100000000001,244.294,44.12
31,H,0.06023122567287627,-0.014884290927342095,0.026978695463920205,0.06765495304411685,rac-Etomidate,CCOC(=O)c1cncn1C(C)c1ccccc1,2.669100000000001,244.294,44.12
32,H,0.004311050082792343,-0.04525977724213704,0.049634230502622334,0.06730965329290929,rac-Etomidate,CCOC(=O)c1cncn1C(C)c1ccccc1,2.669100000000001,244.294,44.12
33,H,-0.05044217755368354,-0.028598884012546042,0.022048212853855668,0.06203574077231063,rac-Etomidate,CCOC(=O)c1cncn1C(C)c1ccccc1,2.669100000000001,244.294,44.12
0,C,-0.08627433929254334,0.005309424054485791,-0.035283975124494694,0.09336171862568299,(S)-Ibuprofen,CC(C)Cc1ccc([C@H](C)C(=O)O)cc1,3.073200000000001,206.285,37.3
1,C,0.07544299100052332,0.09099662002396638,-0.012460466152393842,0.11885828941906457,(S)-Ibuprofen,CC(C)Cc1ccc([C@H](C)C(=O)O)cc1,3.073200000000001,206.285,37.3
2,C,-0.0016930563887418253,-0.047969410674660456,0.08026753437468462,0.09352437048706003,(S)-Ibuprofen,CC(C)Cc1ccc([C@H](C)C(=O)O)cc1,3.073200000000001,206.285,37.3
3,C,-0.04126987622543256,-0.047272510075412014,-0.0999424210928537,0.11801008612145719,(S)-Ibuprofen,CC(C)Cc1ccc([C@H](C)C(=O)O)cc1,3.073200000000001,206.285,37.3
4,C,-0.0434762627350589,-0.0021024069567490145,-0.011546489314913103,0.04503250994469507,(S)-Ibuprofen,CC(C)Cc1ccc([C@H](C)C(=O)O)cc1,3.073200000000001,206.285,37.3
5,C,-0.07690979692992445,0.11117641479063517,-0.04254310180838113,0.14172236090673856,(S)-Ibuprofen,CC(C)Cc1ccc([C@H](C)C(=O)O)cc1,3.073200000000001,206.285,37.3
6,C,0.08749523480406268,0.10322870220507743,0.004378821350855898,0.13539111916512594,(S)-Ibuprofen,CC(C)Cc1ccc([C@H](C)C(=O)O)cc1,3.073200000000001,206.285,37.3
7,C,0.19545419366895628,0.0078014874427070335,0.053321137697203265,0.20274700677056787,(S)-Ibuprofen,CC(C)Cc1ccc([C@H](C)C(=O)O)cc1,3.073200000000001,206.285,37.3
8,C,0.32842708631019357,-0.011917197895280021,-0.3960349193183301,0.5146358206997982,(S)-Ibuprofen,CC(C)Cc1ccc([C@H](C)C(=O)O)cc1,3.073200000000001,206.285,37.3
9,C,-0.01582597928301662,-0.05887731521509158,-0.06868080385091593,0.09183709863019256,(S)-Ibuprofen,CC(C)Cc1ccc([C@H](C)C(=O)O)cc1,3.073200000000001,206.285,37.3
10,C,-0.30764613769745086,-0.43124843609688934,0.398399443760802,0.6628299000988777,(S)-Ibuprofen,CC(C)Cc1ccc([C@H](C)C(=O)O)cc1,3.073200000000001,206.285,37.3
11,O,-0.13809900487347518,0.2645585585866431,0.23380253094022904,0.37911237060078,(S)-Ibuprofen,CC(C)Cc1ccc([C@H](C)C(=O)O)cc1,3.073200000000001,206.285,37.3
12,O,0.07788456634800486,-0.4092372931401357,-0.1697737398361991,0.4498491864056792,(S)-Ibuprofen,CC(C)Cc1ccc([C@H](C)C(=O)O)cc1,3.073200000000001,206.285,37.3
13,C,0.0871401267074202,-0.0950353829194577,0.041285927910023515,0.13538705083066424,(S)-Ibuprofen,CC(C)Cc1ccc([C@H](C)C(=O)O)cc1,3.073200000000001,206.285,37.3
14,C,-0.07730281224193014,-0.11879882444469683,0.00019273998853182187,0.14173539649168862,(S)-Ibuprofen,CC(C)Cc1ccc([C@H](C)C(=O)O)cc1,3.073200000000001,206.285,37.3
15,H,-0.0428247354079931,0.029354752805449472,0.04453215263623296,0.0684015503731488,(S)-Ibuprofen,CC(C)Cc1ccc([C@H](C)C(=O)O)cc1,3.073200000000001,206.285,37.3
16,H,-0.000672781835046704,0.03745143356044468,-0.05723014846695783,0.06839848247351696,(S)-Ibuprofen,CC(C)Cc1ccc([C@H](C)C(=O)O)cc1,3.073200000000001,206.285,37.3
17,H,-0.02438003428701359,-0.062132532739192725,-0.015016702312826365,0.06841300347722543,(S)-Ibuprofen,CC(C)Cc1ccc([C@H](C)C(=O)O)cc1,3.073200000000001,206.285,37.3
18,H,0.014140444918805119,0.044046714052397754,0.00971416245552401,0.047269759397819744,(S)-Ibuprofen,CC(C)Cc1ccc([C@H](C)C(=O)O)cc1,3.073200000000001,206.285,37.3
19,H,0.0612160514886006,0.00032889688460461446,0.030411387782286445,0.06835470459200525,(S)-Ibuprofen,CC(C)Cc1ccc([C@H](C)C(=O)O)cc1,3.073200000000001,206.285,37.3
20,H,-0.044687653487040964,0.02744681366251743,0.043933797452595395,0.06841412509861158,(S)-Ibuprofen,CC(C)Cc1ccc([C@H](C)C(=O)O)cc1,3.073200000000001,206.285,37.3
21,H,-0.018172313438199337,-0.06509431080586964,-0.010600399216892303,0.06840958075112584,(S)-Ibuprofen,CC(C)Cc1ccc([C@H](C)C(=O)O)cc1,3.073200000000001,206.285,37.3
22,H,-0.0028157894103506293,0.013100476550382495,-0.02467520021678024,0.028078758191714178,(S)-Ibuprofen,CC(C)Cc1ccc([C@H](C)C(=O)O)cc1,3.073200000000001,206.285,37.3
23,H,-0.007369053580199646,-0.026662367858278836,-0.004765606923656048,0.028069482001434085,(S)-Ibuprofen,CC(C)Cc1ccc([C@H](C)C(=O)O)cc1,3.073200000000001,206.285,37.3
24,H,-0.029857228127237075,0.05335009724641221,-0.01855286391225287,0.06388971518945824,(S)-Ibuprofen,CC(C)Cc1ccc([C@H](C)C(=O)O)cc1,3.073200000000001,206.285,37.3
25,H,0.02941701870819548,0.05566526786320246,-0.002734563457887414,0.063019527713762,(S)-Ibuprofen,CC(C)Cc1ccc([C@H](C)C(=O)O)cc1,3.073200000000001,206.285,37.3
26,H,-0.023675239858005476,0.07791639370510715,-0.02969666056487559,0.08667971526861859,(S)-Ibuprofen,CC(C)Cc1ccc([C@H](C)C(=O)O)cc1,3.073200000000001,206.285,37.3
27,H,-0.028135888261006856,-0.012797683740684082,0.042233280612544714,0.05233601922825597,(S)-Ibuprofen,CC(C)Cc1ccc([C@H](C)C(=O)O)cc1,3.073200000000001,206.285,37.3
28,H,0.05059224051968206,-0.0008600349361985934,0.013380165587074461,0.052338736056866834,(S)-Ibuprofen,CC(C)Cc1ccc([C@H](C)C(=O)O)cc1,3.073200000000001,206.285,37.3
29,H,-0.011885483711381933,0.04938844103579263,-0.012524160934842666,0.05231957031667338,(S)-Ibuprofen,CC(C)Cc1ccc([C@H](C)C(=O)O)cc1,3.073200000000001,206.285,37.3
30,H,0.2573272819662265,-0.00893532088570384,-0.3948306742324352,0.4713686787624902,(S)-Ibuprofen,CC(C)Cc1ccc([C@H](C)C(=O)O)cc1,3.073200000000001,206.285,37.3
31,H,0.029224503032647058,-0.05300033791354161,0.01754580772147902,0.0630155755750426,(S)-Ibuprofen,CC(C)Cc1ccc([C@H](C)C(=O)O)cc1,3.073200000000001,206.285,37.3
32,H,-0.03001286231574292,-0.05636411118592711,0.001973851697987631,0.06388725244279131,(S)-Ibuprofen,CC(C)Cc1ccc([C@H](C)C(=O)O)cc1,3.073200000000001,206.285,37.3
0,C,-0.08893754297442018,0.0027535010888292584,-0.028267702029657102,0.09336236552600036,(R)-Ibuprofen,CC(C)Cc1ccc([C@@H](C)C(=O)O)cc1,3.073200000000001,206.285,37.3
1,C,0.0719193399378294,0.09257035667057717,-0.019625069644210506,0.118856239843565,(R)-Ibuprofen,CC(C)Cc1ccc([C@@H](C)C(=O)O)cc1,3.073200000000001,206.285,37.3
2,C,0.005952127401516138,-0.0468423914438512,0.08072922273269907,0.09352456821503427,(R)-Ibuprofen,CC(C)Cc1ccc([C@@H](C)C(=O)O)cc1,3.073200000000001,206.285,37.3
3,C,-0.04799098692095428,-0.04964315249517992,-0.09568422261552144,0.11799596549392508,(R)-Ibuprofen,CC(C)Cc1ccc([C@@H](C)C(=O)O)cc1,3.073200000000001,206.285,37.3
4,C,-0.04410394628054513,-0.0033894046645028403,-0.00844335751240828,0.0450326151536784,(R)-Ibuprofen,CC(C)Cc1ccc([C@@H](C)C(=O)O)cc1,3.073200000000001,206.285,37.3
5,C,-0.08281509451375332,0.10869288367320015,-0.037588590694882136,0.14172291625190717,(R)-Ibuprofen,CC(C)Cc1ccc([C@@H](C)C(=O)O)cc1,3.073200000000001,206.285,37.3
6,C,0.08469920595248093,0.10559171487090857,-0.002620926454087948,0.13538993682633052,(R)-Ibuprofen,CC(C)Cc1ccc([C@@H](C)C(=O)O)cc1,3.073200000000001,206.285,37.3
7,C,0.19880666415017184,0.013247223844414617,0.03750588301477357,0.2027468123320836,(R)-Ibuprofen,CC(C)Cc1ccc([C@@H](C)C(=O)O)cc1,3.073200000000001,206.285,37.3
8,C,0.11564264431218682,0.16121437629382251,0.47483675692652577,0.5146195119074107,(R)-Ibuprofen,CC(C)Cc1ccc([C@@H](C)C(=O)O)cc1,3.073200000000001,206.285,37.3
9,C,-0.047443654292997434,-0.03399304082926841,0.07090456052168785,0.09183617947338325,(R)-Ibuprofen,CC(C)Cc1ccc([C@@H](C)C(=O)O)cc1,3.073200000000001,206.285,37.3
10,C,-0.11524648662183133,-0.5736683580436164,-0.3113769980531892,0.662821825693565,(R)-Ibuprofen,CC(C)Cc1ccc([C@@H](C)C(=O)O)cc1,3.073200000000001,206.285,37.3
11,O,-0.007255138926573475,0.15231195791567706,-0.3470950294245372,0.37911281832216015,(R)-Ibuprofen,CC(C)Cc1ccc([C@@H](C)C(=O)O)cc1,3.073200000000001,206.285,37.3
12,O,-0.024179616232532647,-0.3162532208210712,0.3190008780906374,0.44984698925684885,(R)-Ibuprofen,CC(C)Cc1ccc([C@@H](C)C(=O)O)cc1,3.073200000000001,206.285,37.3
13,C,0.09214009594928854,-0.09198137365507128,0.037137424935591204,0.1353867006462031,(R)-Ibuprofen,CC(C)Cc1ccc([C@@H](C)C(=O)O)cc1,3.073200000000001,206.285,37.3
14,C,-0.07426477250550309,-0.12039229746389302,0.008901664356714065,0.14173496869949992,(R)-Ibuprofen,CC(C)Cc1ccc([C@@H](C)C(=O)O)cc1,3.073200000000001,206.285,37.3
15,H,-0.03982251608551853,0.028959860165137418,0.047479195387095344,0.06840161023522524,(R)-Ibuprofen,CC(C)Cc1ccc([C@@H](C)C(=O)O)cc1,3.073200000000001,206.285,37.3
16,H,-0.006202517039848218,0.03660562467593264,-0.05744477204561981,0.06839842696230725,(R)-Ibuprofen,CC(C)Cc1ccc([C@@H](C)C(=O)O)cc1,3.073200000000001,206.285,37.3
17,H,-0.023956576894982592,-0.06290251101763626,-0.012235140107561208,0.0684130259694798,(R)-Ibuprofen,CC(C)Cc1ccc([C@@H](C)C(=O)O)cc1,3.073200000000001,206.285,37.3
18,H,0.013776406787398483,0.04450449923411488,0.007999516268097003,0.04726977995056419,(R)-Ibuprofen,CC(C)Cc1ccc([C@@H](C)C(=O)O)cc1,3.073200000000001,206.285,37.3
19,H,0.063423791639504,0.002253057543816292,0.02539001656595273,0.06835427240082596,(R)-Ibuprofen,CC(C)Cc1ccc([C@@H](C)C(=O)O)cc1,3.073200000000001,206.285,37.3
20,H,-0.0417089661562723,0.026979197815119395,0.04704238529429245,0.06841418702834284,(R)-Ibuprofen,CC(C)Cc1ccc([C@@H](C)C(=O)O)cc1,3.073200000000001,206.285,37.3
21,H,-0.01730652077073961,-0.06566106351331948,-0.008303506670210061,0.06840934984276958,(R)-Ibuprofen,CC(C)Cc1ccc([C@@H](C)C(=O)O)cc1,3.073200000000001,206.285,37.3
22,H,-0.005120139942062783,0.01268276350055387,-0.024522596727944157,0.028078925786409026,(R)-Ibuprofen,CC(C)Cc1ccc([C@@H](C)C(=O)O)cc1,3.073200000000001,206.285,37.3
23,H,-0.00705949685335524,-0.0268950311241565,-0.003836879087322101,0.02806957135623216,(R)-Ibuprofen,CC(C)Cc1ccc([C@@H](C)C(=O)O)cc1,3.073200000000001,206.285,37.3
24,H,-0.032600593239742195,0.052386135893438504,-0.01657648603320211,0.06388963767809201,(R)-Ibuprofen,CC(C)Cc1ccc([C@@H](C)C(=O)O)cc1,3.073200000000001,206.285,37.3
25,H,0.027518166836971572,0.056486698802532424,-0.004840529838832546,0.0630192619505818,(R)-Ibuprofen,CC(C)Cc1ccc([C@@H](C)C(=O)O)cc1,3.073200000000001,206.285,37.3
26,H,-0.03102742402034357,0.07986671224268935,-0.013114776662505946,0.08667981387094777,(R)-Ibuprofen,CC(C)Cc1ccc([C@@H](C)C(=O)O)cc1,3.073200000000001,206.285,37.3
27,H,-0.014043707980763636,0.04890483653820644,-0.012181840868465401,0.05231927004099225,(R)-Ibuprofen,CC(C)Cc1ccc([C@@H](C)C(=O)O)cc1,3.073200000000001,206.285,37.3
28,H,0.05114125853463323,0.0008625643147637005,0.011098617982580638,0.05233881602430993,(R)-Ibuprofen,CC(C)Cc1ccc([C@@H](C)C(=O)O)cc1,3.073200000000001,206.285,37.3
29,H,-0.006805423430871573,-0.029492679895113692,-0.04269551098196631,0.05233582533485361,(R)-Ibuprofen,CC(C)Cc1ccc([C@@H](C)C(=O)O)cc1,3.073200000000001,206.285,37.3
30,H,0.05274934518481533,0.15495525638233643,0.44203374405689705,0.47136764397113723,(R)-Ibuprofen,CC(C)Cc1ccc([C@@H](C)C(=O)O)cc1,3.073200000000001,206.285,37.3
31,H,0.03161712320504406,-0.05181226095183563,0.016935940112636716,0.06301570385390347,(R)-Ibuprofen,CC(C)Cc1ccc([C@@H](C)C(=O)O)cc1,3.073200000000001,206.285,37.3
32,H,-0.028483359206983697,-0.05689691615145496,0.005749480887539367,0.06388753673241707,(R)-Ibuprofen,CC(C)Cc1ccc([C@@H](C)C(=O)O)cc1,3.073200000000001,206.285,37.3
0,C,-0.5400832734348164,0.20779365783073,0.5251231544660137,0.7814233640191968,(S)-Naproxen,COc1ccc2cc([C@H](C)C(=O)O)ccc2c1,3.036500000000001,230.263,46.53
1,O,0.0785529547296036,0.018550855263506,0.12594668890888497,0.14959033850777312,(S)-Naproxen,COc1ccc2cc([C@H](C)C(=O)O)ccc2c1,3.036500000000001,230.263,46.53
2,C,0.6201062704456861,-0.04087008657182491,0.2174640777035821,0.6584016826481509,(S)-Naproxen,COc1ccc2cc([C@H](C)C(=O)O)ccc2c1,3.036500000000001,230.263,46.53
3,C,-0.20062443165655677,0.03805854722850839,0.03477339337317539,0.2071419911107997,(S)-Naproxen,COc1ccc2cc([C@H](C)C(=O)O)ccc2c1,3.036500000000001,230.263,46.53
4,C,0.061348948438793786,-0.02484018210363861,-0.06723861374368495,0.09434913512937024,(S)-Naproxen,COc1ccc2cc([C@H](C)C(=O)O)ccc2c1,3.036500000000001,230.263,46.53
5,C,-0.03132593086124974,0.012855847832870668,0.03490126063456631,0.04862802444792151,(S)-Naproxen,COc1ccc2cc([C@H](C)C(=O)O)ccc2c1,3.036500000000001,230.263,46.53
6,C,0.05332851050959324,-0.027946791353714685,-0.08714206063149041,0.1059183266070712,(S)-Naproxen,COc1ccc2cc([C@H](C)C(=O)O)ccc2c1,3.036500000000001,230.263,46.53
7,C,0.1933147031059735,-0.02121084874976581,0.033564002095043066,0.19734998550360267,(S)-Naproxen,COc1ccc2cc([C@H](C)C(=O)O)ccc2c1,3.036500000000001,230.263,46.53
8,C,0.26219730200894775,0.44222703200222613,-0.005169313688326099,0.5141389839511079,(S)-Naproxen,COc1ccc2cc([C@H](C)C(=O)O)ccc2c1,3.036500000000001,230.263,46.53
9,C,-0.015980384852315618,0.05999378020159313,-0.06771537210518933,0.09186946164123005,(S)-Naproxen,COc1ccc2cc([C@H](C)C(=O)O)ccc2c1,3.036500000000001,230.263,46.53
10,C,-0.16339216740577153,-0.48030708406558476,-0.4260605963014611,0.6625100203724447,(S)-Naproxen,COc1ccc2cc([C@H](C)C(=O)O)ccc2c1,3.036500000000001,230.263,46.53
11,O,-0.14784489423218283,-0.22831611634040574,0.26401096438529154,0.3790621994434986,(S)-Naproxen,COc1ccc2cc([C@H](C)C(=O)O)ccc2c1,3.036500000000001,230.263,46.53
12,O,0.1258761166212102,0.14238189703382062,-0.40759900378541697,0.4497269718678772,(S)-Naproxen,COc1ccc2cc([C@H](C)C(=O)O)ccc2c1,3.036500000000001,230.263,46.53
13,C,0.06275790277680127,0.018370697332374297,0.11326602579218528,0.13078696219492267,(S)-Naproxen,COc1ccc2cc([C@H](C)C(=O)O)ccc2c1,3.036500000000001,230.263,46.53
14,C,-0.11453011525515053,0.029508214963343774,0.051016387666246554,0.1288043239227384,(S)-Naproxen,COc1ccc2cc([C@H](C)C(=O)O)ccc2c1,3.036500000000001,230.263,46.53
15,C,-0.025257268708497774,-0.007804839445655673,-0.04833385008694984,0.05509089040497952,(S)-Naproxen,COc1ccc2cc([C@H](C)C(=O)O)ccc2c1,3.036500000000001,230.263,46.53
16,C,-0.1202712718527931,-0.007233837177180635,-0.10675652276331568,0.16097969557030714,(S)-Naproxen,COc1ccc2cc([C@H](C)C(=O)O)ccc2c1,3.036500000000001,230.263,46.53
17,H,0.07534473338765711,-0.002184860477346724,0.038882923964778555,0.08481441057163196,(S)-Naproxen,COc1ccc2cc([C@H](C)C(=O)O)ccc2c1,3.036500000000001,230.263,46.53
18,H,-0.015583074941056745,-0.07768767719362221,-0.03041464025364446,0.08487200807167018,(S)-Naproxen,COc1ccc2cc([C@H](C)C(=O)O)ccc2c1,3.036500000000001,230.263,46.53
19,H,0.004942853269989738,0.057083014669496064,-0.06261160606904136,0.08487117046884277,(S)-Naproxen,COc1ccc2cc([C@H](C)C(=O)O)ccc2c1,3.036500000000001,230.263,46.53
20,H,-0.00668136583024918,-0.0036086963881290716,-0.019614643517019793,0.02103324937519364,(S)-Naproxen,COc1ccc2cc([C@H](C)C(=O)O)ccc2c1,3.036500000000001,230.263,46.53
21,H,0.034902287787743985,-0.014556617780298303,-0.040105122221801646,0.055122460417200606,(S)-Naproxen,COc1ccc2cc([C@H](C)C(=O)O)ccc2c1,3.036500000000001,230.263,46.53
22,H,0.035527511848154655,-0.014222469386308076,-0.03919368244118771,0.054777983504925645,(S)-Naproxen,COc1ccc2cc([C@H](C)C(=O)O)ccc2c1,3.036500000000001,230.263,46.53
23,H,-0.04043156490152732,0.03180127388103,0.06979202156303765,0.08670039639297049,(S)-Naproxen,COc1ccc2cc([C@H](C)C(=O)O)ccc2c1,3.036500000000001,230.263,46.53
24,H,0.05146707170059845,-0.00490096050817182,0.008151463515326354,0.05233856361019949,(S)-Naproxen,COc1ccc2cc([C@H](C)C(=O)O)ccc2c1,3.036500000000001,230.263,46.53
25,H,-0.021564104668990725,0.014487808859283328,0.04541227349147298,0.05231808291004799,(S)-Naproxen,COc1ccc2cc([C@H](C)C(=O)O)ccc2c1,3.036500000000001,230.263,46.53
26,H,-0.019032007751806752,-0.04720426735109317,-0.012186509924842626,0.052335181277670194,(S)-Naproxen,COc1ccc2cc([C@H](C)C(=O)O)ccc2c1,3.036500000000001,230.263,46.53
27,H,0.19600365783579113,0.42859181883456055,-0.012236802715292238,0.4714425950183327,(S)-Naproxen,COc1ccc2cc([C@H](C)C(=O)O)ccc2c1,3.036500000000001,230.263,46.53
28,H,0.018795913212870493,0.011694739437522635,0.05858682113424489,0.06262961675304513,(S)-Naproxen,COc1ccc2cc([C@H](C)C(=O)O)ccc2c1,3.036500000000001,230.263,46.53
29,H,-0.03717574868793943,0.015869057067512765,0.0425458909121257,0.058685740143814384,(S)-Naproxen,COc1ccc2cc([C@H](C)C(=O)O)ccc2c1,3.036500000000001,230.263,46.53
30,H,-0.008371707577584542,0.0034961871052641355,0.009517029882657102,0.013148485457534258,(S)-Naproxen,COc1ccc2cc([C@H](C)C(=O)O)ccc2c1,3.036500000000001,230.263,46.53
0,C,-0.0033168211395534393,-0.056287080761684774,0.08737975938823817,0.10399259162983972,(+)-Etomidate,CCOC(=O)c1cncn1[C@H](C)c1ccccc1,2.669100000000001,244.294,44.12
1,C,-0.6595319744739719,0.25827668182136365,0.009119989657671171,0.7083589795700665,(+)-Etomidate,CCOC(=O)c1cncn1[C@H](C)c1ccccc1,2.669100000000001,244.294,44.12
2,O,-0.07970776244178253,-0.217115168080163,0.3824257586658005,0.4469248085473284,(+)-Etomidate,CCOC(=O)c1cncn1[C@H](C)c1ccccc1,2.669100000000001,244.294,44.12
3,C,0.45709895669905765,-0.4070027566230723,0.3339548092415417,0.6972205639033471,(+)-Etomidate,CCOC(=O)c1cncn1[C@H](C)c1ccccc1,2.669100000000001,244.294,44.12
4,O,0.32493788897818005,0.057123776093580665,-0.28492059189157765,0.4359214392211429,(+)-Etomidate,CCOC(=O)c1cncn1[C@H](C)c1ccccc1,2.669100000000001,244.294,44.12
5,C,-0.8201064398866036,0.0747893259926122,0.22673567599910885,0.8541528451024918,(+)-Etomidate,CCOC(=O)c1cncn1[C@H](C)c1ccccc1,2.669100000000001,244.294,44.12
6,C,-0.4181966391990235,0.2163986014432162,-0.018331173569663954,0.4712248037491016,(+)-Etomidate,CCOC(=O)c1cncn1[C@H](C)c1ccccc1,2.669100000000001,244.294,44.12
7,N,-0.029350486650915296,0.10258454116724647,-0.07602918620833722,0.13101708403350326,(+)-Etomidate,CCOC(=O)c1cncn1[C@H](C)c1ccccc1,2.669100000000001,244.294,44.12
8,C,0.5170463605887218,-0.10710795574574543,-0.13132578435504327,0.5441098370904007,(+)-Etomidate,CCOC(=O)c1cncn1[C@H](C)c1ccccc1,2.669100000000001,244.294,44.12
9,N,-0.07142260599063677,-0.06823486877549113,0.08045823736756966,0.1273998191662705,(+)-Etomidate,CCOC(=O)c1cncn1[C@H](C)c1ccccc1,2.669100000000001,244.294,44.12
10,C,0.02322022654191374,0.39063489005492846,-0.24630554057498855,0.4623864353187939,(+)-Etomidate,CCOC(=O)c1cncn1[C@H](C)c1ccccc1,2.669100000000001,244.294,44.12
11,C,0.007633221378593388,0.018992814237861137,0.053820044165354866,0.057581161982451036,(+)-Etomidate,CCOC(=O)c1cncn1[C@H](C)c1ccccc1,2.669100000000001,244.294,44.12
12,C,-0.14999353212251082,-0.07316770957515675,-0.03313226395246952,0.17014499792141197,(+)-Etomidate,CCOC(=O)c1cncn1[C@H](C)c1ccccc1,2.669100000000001,244.294,44.12
13,C,-0.12438234556233163,-0.007085682583862753,0.05302017970374362,0.13539687677743456,(+)-Etomidate,CCOC(=O)c1cncn1[C@H](C)c1ccccc1,2.669100000000001,244.294,44.12
14,C,0.007454013355696078,0.08528333558134127,0.12424914576017052,0.15088624809809098,(+)-Etomidate,CCOC(=O)c1cncn1[C@H](C)c1ccccc1,2.669100000000001,244.294,44.12
15,C,0.13477983942861096,0.0671549831324944,0.03254084293104015,0.1540594149495265,(+)-Etomidate,CCOC(=O)c1cncn1[C@H](C)c1ccccc1,2.669100000000001,244.294,44.12
16,C,0.11507851289010126,-0.02454741552544116,-0.09407199890721421,0.1506491975298069,(+)-Etomidate,CCOC(=O)c1cncn1[C@H](C)c1ccccc1,2.669100000000001,244.294,44.12
17,C,-0.05041684602073379,-0.08158062035286384,-0.09527531335413744,0.13518373169344589,(+)-Etomidate,CCOC(=O)c1cncn1[C@H](C)c1ccccc1,2.669100000000001,244.294,44.12
18,H,-0.02906252929976894,0.015397537739053373,-0.005673612883164069,0.03337521027459611,(+)-Etomidate,CCOC(=O)c1cncn1[C@H](C)c1ccccc1,2.669100000000001,244.294,44.12
19,H,0.024218158600039803,0.02295928288972296,0.0018761877398669473,0.03342406254814388,(+)-Etomidate,CCOC(=O)c1cncn1[C@H](C)c1ccccc1,2.669100000000001,244.294,44.12
20,H,0.007171779621255681,-0.019539800689265186,-0.026151558928833776,0.0334236782583894,(+)-Etomidate,CCOC(=O)c1cncn1[C@H](C)c1ccccc1,2.669100000000001,244.294,44.12
21,H,0.018944731271952776,-0.05839017687349362,-0.07560186638623402,0.09738561392406148,(+)-Etomidate,CCOC(=O)c1cncn1[C@H](C)c1ccccc1,2.669100000000001,244.294,44.12
22,H,0.0694796009158475,0.06781395717572217,0.007575061346031596,0.09738341381186151,(+)-Etomidate,CCOC(=O)c1cncn1[C@H](C)c1ccccc1,2.669100000000001,244.294,44.12
23,H,0.03952707696665705,0.029856739952683613,-0.041890448234220466,0.06487391145440599,(+)-Etomidate,CCOC(=O)c1cncn1[C@H](C)c1ccccc1,2.669100000000001,244.294,44.12
24,H,-0.09699485699935527,0.004211735921587883,0.036610657192627745,0.1037597283336588,(+)-Etomidate,CCOC(=O)c1cncn1[C@H](C)c1ccccc1,2.669100000000001,244.294,44.12
25,H,0.041735474151732704,-0.0459519651650379,-0.010178585142424394,0.06290497993561708,(+)-Etomidate,CCOC(=O)c1cncn1[C@H](C)c1ccccc1,2.669100000000001,244.294,44.12
26,H,0.007109257561396597,0.03178826829166284,-0.029242567406271566,0.04377400247369833,(+)-Etomidate,CCOC(=O)c1cncn1[C@H](C)c1ccccc1,2.669100000000001,244.294,44.12
27,H,0.026484516921741617,-0.033542142080694136,-0.009564404141177544,0.04379478003729742,(+)-Etomidate,CCOC(=O)c1cncn1[C@H](C)c1ccccc1,2.669100000000001,244.294,44.12
28,H,-0.04101613520707895,-0.01425495052923707,-0.005586429040682534,0.043780533931679716,(+)-Etomidate,CCOC(=O)c1cncn1[C@H](C)c1ccccc1,2.669100000000001,244.294,44.12
29,H,-0.04780083157685397,0.009071737209730911,0.03848643808226182,0.06203564968387894,(+)-Etomidate,CCOC(=O)c1cncn1[C@H](C)c1ccccc1,2.669100000000001,244.294,44.12
30,H,0.006003299936962913,0.0384218583510579,0.05494484191239581,0.06731429611947275,(+)-Etomidate,CCOC(=O)c1cncn1[C@H](C)c1ccccc1,2.669100000000001,244.294,44.12
31,H,0.05923423602597545,0.02937044592332518,0.014361321627966418,0.06765770739699825,(+)-Etomidate,CCOC(=O)c1cncn1[C@H](C)c1ccccc1,2.669100000000001,244.294,44.12
32,H,0.05304726224955186,-0.009448630496341088,-0.040373006264918965,0.06732954986702572,(+)-Etomidate,CCOC(=O)c1cncn1[C@H](C)c1ccccc1,2.669100000000001,244.294,44.12
33,H,-0.002934442941387952,-0.03549268056943112,-0.050654027780829704,0.06192069007852708,(+)-Etomidate,CCOC(=O)c1cncn1[C@H](C)c1ccccc1,2.669100000000001,244.294,44.12
0,C,-0.0016155640618222555,0.05465075136729026,0.038915813808677785,0.06711002336938132,Levetiracetam,CC[C@@H](C(N)=O)N1CCCC1=O,-0.1272999999999999,170.212,63.400000000000006
1,C,0.0630850996180422,-0.20908447785270562,-0.016980682359922717,0.21905340044419636,Levetiracetam,CC[C@@H](C(N)=O)N1CCCC1=O,-0.1272999999999999,170.212,63.400000000000006
2,C,-0.5328728686221009,-0.42174652965364884,-0.2005384639630159,0.7085473201678831,Levetiracetam,CC[C@@H](C(N)=O)N1CCCC1=O,-0.1272999999999999,170.212,63.400000000000006
3,C,0.2516712789693204,0.48497356146794024,0.2598151515933201,0.605013802304056,Levetiracetam,CC[C@@H](C(N)=O)N1CCCC1=O,-0.1272999999999999,170.212,63.400000000000006
4,N,0.19659760976979654,0.017697318075335977,0.030888049653473568,0.19979461165319815,Levetiracetam,CC[C@@H](C(N)=O)N1CCCC1=O,-0.1272999999999999,170.212,63.400000000000006
5,O,-0.19601957135244566,0.11061713628763481,0.18980206327199442,0.2944225643798041,Levetiracetam,CC[C@@H](C(N)=O)N1CCCC1=O,-0.1272999999999999,170.212,63.400000000000006
6,N,0.010046920911627677,-0.13138440370792195,0.19650193019840237,0.23659207664076268,Levetiracetam,CC[C@@H](C(N)=O)N1CCCC1=O,-0.1272999999999999,170.212,63.400000000000006
7,C,0.2536770043364754,0.22152535984797345,-0.3869457326098232,0.512983925254832,Levetiracetam,CC[C@@H](C(N)=O)N1CCCC1=O,-0.1272999999999999,170.212,63.400000000000006
8,C,-0.004210034630643414,-0.002577565149049988,0.011713371579532561,0.012711070271578827,Levetiracetam,CC[C@@H](C(N)=O)N1CCCC1=O,-0.1272999999999999,170.212,63.400000000000006
9,C,-0.2996088894595099,-0.0617566670771421,0.11228193468112799,0.3258628629153296,Levetiracetam,CC[C@@H](C(N)=O)N1CCCC1=O,-0.1272999999999999,170.212,63.400000000000006
10,C,0.40151243336178644,-0.016659511996611365,0.09463788202084417,0.4128511865036353,Levetiracetam,CC[C@@H](C(N)=O)N1CCCC1=O,-0.1272999999999999,170.212,63.400000000000006
11,O,0.11492328382747682,0.12308832196811577,-0.21339106874883365,0.2718342222612649,Levetiracetam,CC[C@@H](C(N)=O)N1CCCC1=O,-0.1272999999999999,170.212,63.400000000000006
12,H,-0.03391121432467916,0.05101424846608577,-0.03143929469558995,0.06885385431833145,Levetiracetam,CC[C@@H](C(N)=O)N1CCCC1=O,-0.1272999999999999,170.212,63.400000000000006
13,H,-0.03197528211162353,-0.01326622585228742,0.05952124645817176,0.06885630105092949,Levetiracetam,CC[C@@H](C(N)=O)N1CCCC1=O,-0.1272999999999999,170.212,63.400000000000006
14,H,0.06349781480294273,0.022452050671074357,0.014111537342998382,0.06881280803940601,Levetiracetam,CC[C@@H](C(N)=O)N1CCCC1=O,-0.1272999999999999,170.212,63.400000000000006
15,H,0.012712176611768036,0.006551681399251214,-0.0250631938020177,0.028856327675634248,Levetiracetam,CC[C@@H](C(N)=O)N1CCCC1=O,-0.1272999999999999,170.212,63.400000000000006
16,H,-0.02722319474335625,-0.007133814662452639,-0.006436549547010531,0.02886906326405561,Levetiracetam,CC[C@@H](C(N)=O)N1CCCC1=O,-0.1272999999999999,170.212,63.400000000000006
17,H,0.051613692022375195,0.02053030044915021,-0.10725483787541958,0.12078520889742879,Levetiracetam,CC[C@@H](C(N)=O)N1CCCC1=O,-0.1272999999999999,170.212,63.400000000000006
18,H,-0.1925455963584355,0.041625327241199,0.3158468801371543,0.3722441755586464,Levetiracetam,CC[C@@H](C(N)=O)N1CCCC1=O,-0.1272999999999999,170.212,63.400000000000006
19,H,-0.033501074611889045,-0.3291477280083698,-0.17145199766685304,0.37263431988637025,Levetiracetam,CC[C@@H](C(N)=O)N1CCCC1=O,-0.1272999999999999,170.212,63.400000000000006
20,H,-2.0721281213705192e-05,-0.023827119185148366,-0.0013111726934769178,0.023863176902224902,Levetiracetam,CC[C@@H](C(N)=O)N1CCCC1=O,-0.1272999999999999,170.212,63.400000000000006
21,H,0.006197391002346266,0.006750051658783805,0.021996854749252597,0.023829235646405635,Levetiracetam,CC[C@@H](C(N)=O)N1CCCC1=O,-0.1272999999999999,170.212,63.400000000000006
22,H,0.0036158876365523338,-0.026036522779893243,-0.012713284323517376,0.029199362324521135,Levetiracetam,CC[C@@H](C(N)=O)N1CCCC1=O,-0.1272999999999999,170.212,63.400000000000006
23,H,0.022510826941010097,0.01680894832520634,-0.007572669020513968,0.02909679345669923,Levetiracetam,CC[C@@H](C(N)=O)N1CCCC1=O,-0.1272999999999999,170.212,63.400000000000006
24,H,-0.01696339446579366,0.023958857578872783,-0.009991302209489478,0.031009832765240417,Levetiracetam,CC[C@@H](C(N)=O)N1CCCC1=O,-0.1272999999999999,170.212,63.400000000000006
25,H,-0.0075588458094242,-0.02583294714249317,-0.015490809662760343,0.03105547442956499,Levetiracetam,CC[C@@H](C(N)=O)N1CCCC1=O,-0.1272999999999999,170.212,63.400000000000006
0,C,0.09474214531691955,0.0281837027696448,0.010181474926015423,0.09936829289430842,Pregabalin,CC(C)C[C@H](CN)CC(=O)O,1.0821,159.229,63.32000000000001
1,C,-0.030849363146472086,-0.09851701410538959,0.05814331431477274,0.11848177190728916,Pregabalin,CC(C)C[C@H](CN)CC(=O)O,1.0821,159.229,63.32000000000001
2,C,-0.021678884211511207,-0.004065253658418755,-0.09674972752584031,0.09923210208540248,Pregabalin,CC(C)C[C@H](CN)CC(=O)O,1.0821,159.229,63.32000000000001
3,C,0.00032724869531703185,0.07903459270723125,0.05187793768588738,0.09454043766900666,Pregabalin,CC(C)C[C@H](CN)CC(=O)O,1.0821,159.229,63.32000000000001
4,C,-0.12216812820537738,0.03173195536323742,-0.02778439952849625,0.12924372865845027,Pregabalin,CC(C)C[C@H](CN)CC(=O)O,1.0821,159.229,63.32000000000001
5,C,-0.060642870421977246,0.31718138001007057,0.3871469571049239,0.5041471530750832,Pregabalin,CC(C)C[C@H](CN)CC(=O)O,1.0821,159.229,63.32000000000001
6,N,-0.10510054314575551,-0.09959270592061073,-0.03540356377891789,0.14905785309862066,Pregabalin,CC(C)C[C@H](CN)CC(=O)O,1.0821,159.229,63.32000000000001
7,C,-0.03134727361928257,0.4186638100262242,-0.15217918674462091,0.44656527212412156,Pregabalin,CC(C)C[C@H](CN)CC(=O)O,1.0821,159.229,63.32000000000001
8,C,0.15555492165951562,-0.5700212110267686,-0.17865043800550423,0.6172823451812633,Pregabalin,CC(C)C[C@H](CN)CC(=O)O,1.0821,159.229,63.32000000000001
9,O,-0.14947943631269234,-0.14956283472325219,0.3031728248304143,0.36963076864144867,Pregabalin,CC(C)C[C@H](CN)CC(=O)O,1.0821,159.229,63.32000000000001
10,O,0.20929772215529402,0.03416790077337464,-0.3863699713493496,0.44074339099202725,Pregabalin,CC(C)C[C@H](CN)CC(=O)O,1.0821,159.229,63.32000000000001
11,H,0.009920125022857927,0.06311890434243075,-0.02539134610303205,0.06875409386198045,Pregabalin,CC(C)C[C@H](CN)CC(=O)O,1.0821,159.229,63.32000000000001
12,H,0.018563694900030295,0.00043901196625378207,0.06618546431823134,0.06874095712795829,Pregabalin,CC(C)C[C@H](CN)CC(=O)O,1.0821,159.229,63.32000000000001
13,H,0.04217258207783505,-0.043103333277728854,-0.03301117808816817,0.06874708646576563,Pregabalin,CC(C)C[C@H](CN)CC(=O)O,1.0821,159.229,63.32000000000001
14,H,-0.0031957121958018637,-0.047343807747387286,0.019394150284615903,0.05126189397322569,Pregabalin,CC(C)C[C@H](CN)CC(=O)O,1.0821,159.229,63.32000000000001
15,H,0.048853343064345876,-0.03324988683747631,-0.03518454816297275,0.06877613345267529,Pregabalin,CC(C)C[C@H](CN)CC(=O)O,1.0821,159.229,63.32000000000001
16,H,-0.005845892768494767,0.06305593800261244,-0.026679807055551247,0.06871708582420741,Pregabalin,CC(C)C[C@H](CN)CC(=O)O,1.0821,159.229,63.32000000000001
17,H,-0.058398427693572494,-0.0340301707981469,-0.011205467120779647,0.06851270958754542,Pregabalin,CC(C)C[C@H](CN)CC(=O)O,1.0821,159.229,63.32000000000001
18,H,0.005458949891696183,0.047215730320069184,-0.01816424407596605,0.05088285650814838,Pregabalin,CC(C)C[C@H](CN)CC(=O)O,1.0821,159.229,63.32000000000001
19,H,0.019424002005170006,0.0018762756414872237,0.047108231276588544,0.05099017276091778,Pregabalin,CC(C)C[C@H](CN)CC(=O)O,1.0821,159.229,63.32000000000001
20,H,-0.005755228623468455,0.012473901753827805,0.01482183255105881,0.020209097002195954,Pregabalin,CC(C)C[C@H](CN)CC(=O)O,1.0821,159.229,63.32000000000001
21,H,-0.004404360180535156,-7.527308322381168e-05,0.0017297069769650344,0.004732434982448592,Pregabalin,CC(C)C[C@H](CN)CC(=O)O,1.0821,159.229,63.32000000000001
22,H,0.002885560901277421,-0.0009308757402103696,0.0036302403956680416,0.004729866455729297,Pregabalin,CC(C)C[C@H](CN)CC(=O)O,1.0821,159.229,63.32000000000001
23,H,-0.057600513658345,-0.29604234921264233,0.14973883023889778,0.33672037209286687,Pregabalin,CC(C)C[C@H](CN)CC(=O)O,1.0821,159.229,63.32000000000001
24,H,-0.2369719302289179,0.031156469607193,-0.2366674450624495,0.33635977890822594,Pregabalin,CC(C)C[C@H](CN)CC(=O)O,1.0821,159.229,63.32000000000001
25,H,0.0518235905431005,0.012187821758487883,-0.010055691629750018,0.054178819386806784,Pregabalin,CC(C)C[C@H](CN)CC(=O)O,1.0821,159.229,63.32000000000001
26,H,-0.013151212799174123,0.027778263365513357,0.044248443641648934,0.05387495780417062,Pregabalin,CC(C)C[C@H](CN)CC(=O)O,1.0821,159.229,63.32000000000001
27,H,0.05086137631818356,0.4374560588390698,-0.16922708283289511,0.471797084115749,Pregabalin,CC(C)C[C@H](CN)CC(=O)O,1.0821,159.229,63.32000000000001
0,C,0.08974570083925362,-0.008809851727530758,-0.05177213828866012,0.10398201099021905,(-)-Etomidate,CCOC(=O)c1cncn1[C@@H](C)c1ccccc1,2.669100000000001,244.294,44.12
1,C,-0.4041364699694884,-0.4194397727424977,-0.40216112084901257,0.707806171518878,(-)-Etomidate,CCOC(=O)c1cncn1[C@@H](C)c1ccccc1,2.669100000000001,244.294,44.12
2,O,0.35031850662651365,-0.08130946557734048,-0.2669024874651074,0.4478517869703829,(-)-Etomidate,CCOC(=O)c1cncn1[C@@H](C)c1ccccc1,2.669100000000001,244.294,44.12
3,C,0.6360332341129905,0.2652814147413426,0.08559917281695437,0.6944348222046078,(-)-Etomidate,CCOC(=O)c1cncn1[C@@H](C)c1ccccc1,2.669100000000001,244.294,44.12
4,O,-0.09660045251979184,0.227924932561475,0.35868771604059707,0.4358191137944749,(-)-Etomidate,CCOC(=O)c1cncn1[C@@H](C)c1ccccc1,2.669100000000001,244.294,44.12
5,C,-0.7702038259687296,-0.3054802872381669,-0.1216326255172006,0.8374524673187067,(-)-Etomidate,CCOC(=O)c1cncn1[C@@H](C)c1ccccc1,2.669100000000001,244.294,44.12
6,C,-0.3178187904568228,-0.27309205983380197,-0.2141012116595662,0.4705607139847111,(-)-Etomidate,CCOC(=O)c1cncn1[C@@H](C)c1ccccc1,2.669100000000001,244.294,44.12
7,N,0.02359847631696295,-0.07796764725851082,-0.10255710558004784,0.1309725238684317,(-)-Etomidate,CCOC(=O)c1cncn1[C@@H](C)c1ccccc1,2.669100000000001,244.294,44.12
8,C,0.4835735558606372,0.2327920127451423,0.09080627551320075,0.5443172648356973,(-)-Etomidate,CCOC(=O)c1cncn1[C@@H](C)c1ccccc1,2.669100000000001,244.294,44.12
9,N,-0.1090932155207655,0.02567092634524761,0.06131804717905029,0.1277506518258735,(-)-Etomidate,CCOC(=O)c1cncn1[C@@H](C)c1ccccc1,2.669100000000001,244.294,44.12
10,C,0.19397315664808018,-0.2781294766256064,-0.31430141845360543,0.46234940565550936,(-)-Etomidate,CCOC(=O)c1cncn1[C@@H](C)c1ccccc1,2.669100000000001,244.294,44.12
11,C,0.0008187146496147109,-0.03266912183911737,0.047455590846081426,0.05761922351062427,(-)-Etomidate,CCOC(=O)c1cncn1[C@@H](C)c1ccccc1,2.669100000000001,244.294,44.12
12,C,-0.1538070207225766,0.04356544416182932,-0.05790878329299218,0.17002345347347614,(-)-Etomidate,CCOC(=O)c1cncn1[C@@H](C)c1ccccc1,2.669100000000001,244.294,44.12
13,C,-0.05116972539605258,0.09624403182396646,-0.08003218131794444,0.13522723285399443,(-)-Etomidate,CCOC(=O)c1cncn1[C@@H](C)c1ccccc1,2.669100000000001,244.294,44.12
14,C,0.11912752254546138,0.0824116203114725,-0.0414314459722458,0.15066388587028026,(-)-Etomidate,CCOC(=O)c1cncn1[C@@H](C)c1ccccc1,2.669100000000001,244.294,44.12
15,C,0.13811762282165985,-0.0413353813828989,0.054290002179182735,0.1540535485621531,(-)-Etomidate,CCOC(=O)c1cncn1[C@@H](C)c1ccccc1,2.669100000000001,244.294,44.12
16,C,0.006209656898096518,-0.119982742673926,0.09128013259284637,0.15088565533050927,(-)-Etomidate,CCOC(=O)c1cncn1[C@@H](C)c1ccccc1,2.669100000000001,244.294,44.12
17,C,-0.12862811439215108,-0.041288938265355984,0.009744325304383454,0.13544342033040338,(-)-Etomidate,CCOC(=O)c1cncn1[C@@H](C)c1ccccc1,2.669100000000001,244.294,44.12
18,H,0.00375510516327439,-0.010170446535197206,0.031615003740076676,0.03342225694051222,(-)-Etomidate,CCOC(=O)c1cncn1[C@@H](C)c1ccccc1,2.669100000000001,244.294,44.12
19,H,-0.009674502582603548,0.03197027822495028,0.001163914372508642,0.03342228877064024,(-)-Etomidate,CCOC(=O)c1cncn1[C@@H](C)c1ccccc1,2.669100000000001,244.294,44.12
20,H,-0.024129601395304068,-0.01805545704889328,-0.014344693859440288,0.03337674991160395,(-)-Etomidate,CCOC(=O)c1cncn1[C@@H](C)c1ccccc1,2.669100000000001,244.294,44.12
21,H,-0.027952504769003333,0.09328674903672907,0.000972791252323806,0.09738945729145133,(-)-Etomidate,CCOC(=O)c1cncn1[C@@H](C)c1ccccc1,2.669100000000001,244.294,44.12
22,H,0.01189246375296175,-0.031720244945799655,0.09130776435654467,0.09738948847451313,(-)-Etomidate,CCOC(=O)c1cncn1[C@@H](C)c1ccccc1,2.669100000000001,244.294,44.12
23,H,0.05658123412558377,-0.008489604584179185,-0.030518290022261817,0.06484501111922741,(-)-Etomidate,CCOC(=O)c1cncn1[C@@H](C)c1ccccc1,2.669100000000001,244.294,44.12
24,H,-0.09831182933531929,-0.033068028854582626,-0.0023731493000530572,0.1037513477367152,(-)-Etomidate,CCOC(=O)c1cncn1[C@@H](C)c1ccccc1,2.669100000000001,244.294,44.12
25,H,0.027510598245285633,0.05476867189588053,0.014258415090555341,0.06292648757039203,(-)-Etomidate,CCOC(=O)c1cncn1[C@@H](C)c1ccccc1,2.669100000000001,244.294,44.12
26,H,0.023269596757406957,-0.01820701568956047,-0.03229762724438334,0.04377335124467121,(-)-Etomidate,CCOC(=O)c1cncn1[C@@H](C)c1ccccc1,2.669100000000001,244.294,44.12
27,H,-0.041089803695564045,0.004894469863866006,-0.01433191467937668,0.04379191228258038,(-)-Etomidate,CCOC(=O)c1cncn1[C@@H](C)c1ccccc1,2.669100000000001,244.294,44.12
28,H,0.01580887244373279,0.040184918262599734,0.007284706171921674,0.04379286526051098,(-)-Etomidate,CCOC(=O)c1cncn1[C@@H](C)c1ccccc1,2.669100000000001,244.294,44.12
29,H,-0.0027754619471943957,0.049543489162627435,-0.03704363565842803,0.061923270667997396,(-)-Etomidate,CCOC(=O)c1cncn1[C@@H](C)c1ccccc1,2.669100000000001,244.294,44.12
30,H,0.05483216664129108,0.035208708637353675,-0.01692831806123123,0.0673259802369827,(-)-Etomidate,CCOC(=O)c1cncn1[C@@H](C)c1ccccc1,2.669100000000001,244.294,44.12
31,H,0.06064800833964991,-0.018088341544312565,0.02391281877842734,0.06765494747111889,(-)-Etomidate,CCOC(=O)c1cncn1[C@@H](C)c1ccccc1,2.669100000000001,244.294,44.12
32,H,0.005467155910113955,-0.05310993909340015,0.040988224978788276,0.06730965763664179,(-)-Etomidate,CCOC(=O)c1cncn1[C@@H](C)c1ccccc1,2.669100000000001,244.294,44.12
33,H,-0.04974324662473502,-0.03305199135899014,0.01678119887210091,0.06203574254531795,(-)-Etomidate,CCOC(=O)c1cncn1[C@@H](C)c1ccccc1,2.669100000000001,244.294,44.12
